WONO,SQKNO,WLSSQI,SEQNO,EDATE,APYM,EMPNO,EMPDP,RETAIL,COST,TYPE,HOURS,TAXCD,LAREA,RCDCD,LDATE,LTIME,WLENUS
Y8ANA,1,5335054,28209550,20150807,201508,BOWEX,54,105,30.86,0,0.1,N,0,,20150807,113756,BOWEX
Y8ANA,1,5335054,28209604,20150807,201508,BOWEX,54,105,30.86,0,0.1,N,0,,20150807,114639,BOWEX
Y8ANA,1,5335054,27728719,20150428,201504,VEIKD,54,105,30.64,0,0.3,N,0,,20150428,210558,VEIKD
Y8ANA,1,5335054,27728914,20150428,201504,OBRIT,54,105,30.64,0,0.6,N,0,,20150428,221807,OBRIT
Y8ANA,1,5335054,27728918,20150428,201504,OBRIT,54,105,30.64,0,0.3,N,0,,20150428,221900,OBRIT
Y8ANA,1,5335054,27667011,20150415,201504,HURDA,58,105,24.43,0,2,N,0,,20150415,160415,HURDA
Y8ANA,1,5335054,27672796,20150416,201504,HURDA,58,105,24.43,0,1.5,N,0,,20150416,154132,HURDA
Y8ANA,1,5335054,27675883,20150417,201504,DORWN,58,105,24.43,0,1,N,0,,20150417,85836,LEPHU
Y8ANA,1,5335054,27676919,20150417,201504,GOERM,58,105,24.43,0,1,N,0,,20150417,115316,GOERM
Y8ANA,1,5335054,27684367,20150419,201504,SMITA,58,105,24.43,0,8.5,N,0,,20150419,190942,SERVICE
Y8ANA,1,5335054,27684374,20150419,201504,FENSG,58,105,24.43,0,1,N,0,,20150419,191407,FENSG
Y8ANA,1,5335054,27684375,20150419,201504,FENSG,58,105,24.43,0,1,N,0,,20150419,191408,FENSG
Y8ANA,1,5335054,27684419,20150419,201504,BEECM,58,105,24.43,0,3.6,N,0,,20150419,193014,SERVICE
Y8ANA,1,5335054,27684423,20150419,201504,RANGJ,58,105,24.43,0,3,N,0,,20150419,193310,RANGJ
Y8ANA,1,5335054,27684424,20150419,201504,RANGJ,58,105,24.43,0,3,N,0,,20150419,193311,RANGJ
Y8ANA,1,5335054,27688123,20150420,201504,DORWN,58,105,24.43,0,7,N,0,,20150420,151650,SERVICE
Y8ANA,1,5335054,27688124,20150420,201504,DORWN,58,105,24.43,1,0.5,N,0,,20150420,151651,SERVICE
Y8ANA,1,5335054,27688669,20150420,201504,RYANZ,58,105,24.43,0,2,Y,0,,20150420,154240,RYANZ
Y8ANA,1,5335054,27688670,20150420,201504,RYANZ,58,105,24.43,0,4,N,0,,20150420,154241,RYANZ
Y8ANA,1,5335054,27688761,20150420,201504,HURDA,58,105,24.43,0,2.5,N,0,,20150420,155139,RYANZ
Y8ANA,1,5335054,27688827,20150420,201504,JIMEL,58,105,24.43,0,2.5,N,0,,20150420,155809,SERVICE
Y8ANA,1,5335054,27688832,20150420,201504,JIMEL,58,105,24.43,0,-0.4,N,0,,20150420,155841,SERVICE
Y8ANA,1,5335054,27690106,20150420,201504,HAROR,58,105,24.43,0,10,N,0,,20150420,230009,RYANZ
Y8ANA,1,5335054,27690747,20150421,201504,MCCLT,58,105,24.43,0,12,N,0,,20150421,70401,SERVICE
Y8ANA,1,5335054,27690870,20150421,201504,WELCU,58,105,24.43,0,11,N,0,,20150421,72701,SERVICE
Y8ANA,1,5335054,27690937,20150421,201504,GOULS,58,105,24.43,0,7,N,0,,20150421,73554,GOULS
Y8ANA,1,5335054,27692119,20150420,201504,STAMM,58,105,24.43,0,10,N,0,,20150421,125202,SERVICE
Y8ANA,1,5335054,27692238,20150421,201504,HAROR,58,105,24.43,0,0.5,N,0,,20150421,131419,SERVICE
Y8ANA,1,5335054,27693957,20150421,201504,MARJY,58,105,24.43,0,6.8,N,0,,20150421,152226,SERVICE
Y8ANA,1,5335054,27694011,20150421,201504,MCCAX,58,105,24.43,0,8,N,0,,20150421,152401,SERVICE
Y8ANA,1,5335054,27694163,20150421,201504,WALLB,58,105,24.43,0,6.5,N,0,,20150421,152802,SERVICE
Y8ANA,1,5335054,27694177,20150421,201504,FOWMA,58,105,24.43,0,3.5,N,0,,20150421,152835,SERVICE
Y8ANA,1,5335054,27694299,20150421,201504,JIMEL,58,105,24.43,0,8,N,0,,20150421,153307,
Y8ANA,1,5335054,27694511,20150421,201504,DORWN,58,105,24.43,0,8,N,0,,20150421,154854,SERVICE
Y8ANA,1,5335054,27694512,20150421,201504,DORWN,58,105,24.43,1,0.4,N,0,,20150421,154855,SERVICE
Y8ANA,1,5335054,27694590,20150421,201504,RYANZ,58,105,24.43,0,7,N,0,,20150421,155651,SERVICE
Y8ANA,1,5335054,27695956,20150421,201504,THOMD,58,105,24.43,0,2,N,0,,20150421,224807,SERVICE
Y8ANA,1,5335054,27696020,20150421,201504,STAMM,58,105,24.43,0,9.5,N,0,,20150421,230029,SERVICE
Y8ANA,1,5335054,27696028,20150421,201504,JAMER,58,105,24.43,0,10,N,0,,20150421,230156,SERVICE
Y8ANA,1,5335054,27696246,20150422,201504,WELCU,58,105,24.43,0,5.5,N,0,,20150422,1818,SERVICE
Y8ANA,1,5335054,27696542,20150422,201504,MCCLT,58,105,24.43,0,12,N,0,,20150422,62847,MCCLT
Y8ANA,1,5335054,27696691,20150422,201504,GOULS,58,105,24.43,0,7,N,0,,20150422,70412,GOULS
Y8ANA,1,5335054,27698603,20150422,201504,SIDBR,58,105,24.34,0,6.9,N,0,,20150422,134301,SIDBR
Y8ANA,1,5335054,27699669,20150422,201504,WALLB,58,105,24.34,0,6.1,N,0,,20150422,150933,SERVICE
Y8ANA,1,5335054,27699950,20150422,201504,MARJY,58,105,24.34,0,8,N,0,,20150422,152523,SERVICE
Y8ANA,1,5335054,27700186,20150422,201504,JIMEL,58,105,24.34,0,8,N,0,,20150422,153330,
Y8ANA,1,5335054,27700210,20150422,201504,FOWMA,58,105,24.34,0,8,N,0,,20150422,153458,SERVICE
Y8ANA,1,5335054,27700212,20150422,201504,FOWMA,58,105,24.34,1,0.4,N,0,,20150422,153459,SERVICE
Y8ANA,1,5335054,27700634,20150422,201504,DORWN,58,105,24.34,0,6.7,N,0,,20150422,160046,SERVICE
Y8ANA,1,5335054,27700635,20150422,201504,DORWN,58,105,24.34,1,0.6,N,0,,20150422,160047,SERVICE
Y8ANA,1,5335054,27700673,20150422,201504,RYANZ,58,105,24.34,0,6,N,0,,20150422,160345,RYANZ
Y8ANA,1,5335054,27701546,20150422,201504,NIEHD,58,105,24.34,0,0.6,N,0,,20150422,204011,NIEHD
Y8ANA,1,5335054,27701615,20150422,201504,RHOAZ,58,105,24.34,0,12,N,0,,20150422,211242,RYANZ
Y8ANA,1,5335054,27701846,20150422,201504,THOMD,58,105,24.34,0,9.5,N,0,,20150422,222431,SERVICE
Y8ANA,1,5335054,27701869,20150422,201504,OBRIT,54,105,30.64,0,0.4,N,0,,20150422,223141,OBRIT
Y8ANA,1,5335054,27701947,20150422,201504,HAROR,58,105,24.34,0,1,N,0,,20150422,225134,
Y8ANA,1,5335054,27701961,20150422,201504,JAMER,58,105,24.34,0,10,N,0,,20150422,230519,SERVICE
Y8ANA,1,5335054,27701987,20150422,201504,STAMM,58,105,24.34,0,5,N,0,,20150422,231134,SERVICE
Y8ANA,1,5335054,27702173,20150422,201504,HOESI,58,105,24.34,0,6,N,0,,20150423,1729,SERVICE
Y8ANA,1,5335054,27702328,20150423,201504,RHOAZ,58,105,24.34,0,2.8,N,0,,20150423,35322,SERVICE
Y8ANA,1,5335054,27702635,20150423,201504,MCCLT,58,105,24.34,0,12,N,0,,20150423,65652,SERVICE
Y8ANA,1,5335054,27702654,20150423,201504,GOULS,58,105,24.34,0,4,N,0,,20150423,70251,GOULS
Y8ANA,1,5335054,27706706,20150423,201504,DORWN,58,105,24.34,0,1,N,0,,20150423,160449,SERVICE
Y8ANA,1,5335054,27706722,20150422,201504,HURDA,58,105,24.34,0,8,N,0,,20150423,160627,HURDA
Y8ANA,1,5335054,27706750,20150423,201504,HURDA,58,105,24.34,0,7.5,N,0,,20150423,160747,HURDA
Y8ANA,1,5335054,27706798,20150421,201504,HURDA,58,105,24.34,0,6.8,N,0,,20150423,161147,HURDA
Y8ANA,1,5335054,27706870,20150423,201504,RYANZ,58,105,24.34,0,7,N,0,,20150423,162130,DORWN
Y8ANA,1,5335054,27706871,20150423,201504,RYANZ,58,105,24.34,1,1.5,N,0,,20150423,162131,DORWN
Y8ANA,1,5335054,27706984,20150423,201504,FOWMA,58,105,24.34,0,1.5,N,0,,20150423,163708,SERVICE
Y8ANA,1,5335054,27707040,20150423,201504,OBRIT,54,105,30.64,0,0.4,N,0,,20150423,164353,OBRIT
Y8ANA,1,5335054,27707518,20150423,201504,VEIKD,54,105,30.64,0,0.4,N,0,,20150423,194240,VEIKD
Y8ANA,1,5335054,27707668,20150423,201504,OBRIT,54,105,30.64,0,0.3,N,0,,20150423,210755,OBRIT
Y8ANA,1,5335054,27707887,20150423,201504,STAMM,58,105,24.34,0,4,N,0,,20150423,222408,SERVICE
Y8ANA,1,5335054,27707952,20150423,201504,JAMER,58,105,24.34,0,10,N,0,,20150423,225656,DORWN
Y8ANA,1,5335054,27708009,20150423,201504,THOMD,58,105,24.34,0,10.5,N,0,,20150423,231858,DORWN
Y8ANA,1,5335054,27708037,20150423,201504,OBRIT,54,105,30.64,0,0.7,N,0,,20150423,233633,OBRIT
Y8ANA,1,5335054,27708731,20150424,201504,SIDBR,58,105,24.34,0,1,N,0,,20150424,72354,SERVICE
Y8ANA,1,5335054,27710891,20150424,201504,HURDA,58,105,24.34,0,6.5,N,0,,20150424,133032,HURDA
Y8ANA,1,5335054,27711031,20150424,201504,JIMEL,58,105,24.34,0,6.8,N,0,,20150424,135024,SERVICE
Y8ANA,1,5335054,27711329,20150424,201504,RYANZ,58,105,24.34,0,7,N,0,,20150424,141328,MARJY
Y8ANA,1,5335054,27712677,20150424,201504,MARJY,58,105,24.34,0,1.5,N,0,,20150424,152330,MARJY
Y8ANA,1,5335054,27712678,20150424,201504,MARJY,58,105,24.34,1,0.2,N,0,,20150424,152331,MARJY
Y8ANA,1,5335054,27714353,20150424,201504,OBRIT,54,105,30.64,0,1.2,N,0,,20150424,215608,SERVICE
Y8ANA,1,5335054,27714355,20150424,201504,JAMER,58,105,24.34,0,9,N,0,,20150424,215643,MARJY
Y8ANA,1,5335054,27716373,20150426,201504,SMITA,58,105,24.34,0,2.5,N,0,,20150426,154332,FENSG
Y8ANA,1,5335054,27716710,20150426,201504,BEECM,58,105,24.34,0,4,N,0,,20150426,191758,SERVICE
Y8ANA,1,5335054,27716711,20150426,201504,BEECM,58,105,24.34,0,4,N,0,,20150426,191759,SERVICE
Y8ANA,1,5335054,27716717,20150426,201504,SMITA,58,105,24.34,0,1.8,N,0,,20150426,192017,SMITA
Y8ANA,1,5335054,27716792,20150426,201504,FENSG,58,105,24.34,0,1.5,N,0,,20150426,194616,FENSG
Y8ANA,1,5335054,27716793,20150426,201504,FENSG,58,105,24.34,0,1.5,N,0,,20150426,194617,FENSG
Y8ANA,1,5335054,27718504,20150427,201504,SIDBR,58,105,24.34,0,6,N,0,,20150427,114441,SIDBR
Y8ANA,1,5335054,27719608,20150427,201504,SPEVG,58,105,24.34,0,1,N,0,,20150427,134057,SPEVG
Y8ANA,1,5335054,27719669,20150427,201504,SIDBR,58,105,24.34,0,2,N,0,,20150427,134744,SIDBR
Y8ANA,1,5335054,27721069,20150427,201504,MARJY,58,105,24.34,0,8,N,0,,20150427,152438,SERVICE
Y8ANA,1,5335054,27721150,20150427,201504,HURDA,58,105,24.34,0,7.5,N,0,,20150427,152809,HURDA
Y8ANA,1,5335054,27721217,20150427,201504,RYANZ,58,105,24.34,0,8,N,0,,20150427,153034,SERVICE
Y8ANA,1,5335054,27721378,20150427,201504,JIMEL,58,105,24.34,0,8.2,N,0,,20150427,153954,
Y8ANA,1,5335054,27725012,20150428,201504,SIDBR,58,105,24.34,0,6,N,0,,20150428,120858,SERVICE
Y8ANA,1,5335054,27726978,20150428,201504,MARJY,58,105,24.34,0,8,N,0,,20150428,151730,SERVICE
Y8ANA,1,5335054,27727363,20150428,201504,JIMEL,58,105,24.34,0,8.2,N,0,,20150428,153835,
Y8ANA,1,5335054,27729085,20150428,201504,THOMD,58,105,24.34,0,8,N,0,,20150428,230118,SERVICE
Y8ANA,1,5335054,27729132,20150428,201504,OBRIT,54,105,30.64,0,0.3,N,0,,20150428,231611,OBRIT
Y8ANA,1,5335054,27732399,20150429,201504,RYANZ,58,105,24.34,0,7,N,0,,20150429,141621,RYANZ
Y8ANA,1,5335054,27733523,20150429,201504,MARJY,58,105,24.34,0,8,N,0,,20150429,152550,DORWN
Y8ANA,1,5335054,27733642,20150429,201504,HURDA,58,105,24.34,0,7,N,0,,20150429,153137,HURDA
Y8ANA,1,5335054,27733751,20150429,201504,JIMEL,58,105,24.34,0,8,N,0,,20150429,153650,
Y8ANA,1,5335054,27735035,20150429,201504,OBRIT,54,105,30.64,0,0.4,N,0,,20150429,214646,SERVICE
Y8ANA,1,5335054,27735104,20150429,201504,VEIKD,54,105,30.64,0,0.4,N,0,,20150429,221151,VEIKD
Y8ANA,1,5335054,27735266,20150429,201504,THOMD,58,105,24.34,0,3,N,0,,20150429,230051,SERVICE
Y8ANA,1,5335054,27735314,20150429,201504,STAMM,58,105,24.34,0,8.5,N,0,,20150429,231235,SERVICE
Y8ANA,1,5335054,27735333,20150429,201504,VEIKD,54,105,30.64,0,0.3,N,0,,20150429,231802,VEIKD
Y8ANA,1,5335054,27735524,20150429,201504,OBRIT,54,105,30.64,0,0.3,N,0,,20150430,1539,OBRIT
Y8ANA,1,5335054,27740428,20150430,201504,MARJY,58,105,24.34,0,8,N,0,,20150430,153136,SERVICE
Y8ANA,1,5335054,27740563,20150430,201504,HURDA,58,105,24.34,0,4.5,N,0,,20150430,153705,HURDA
Y8ANA,1,5335054,27740672,20150430,201504,JIMEL,58,105,24.34,0,8.2,N,0,,20150430,154208,
Y8ANA,1,5335054,27740959,20150430,201504,DORWN,58,105,24.34,0,0.4,N,0,,20150430,160558,SERVICE
Y8ANA,1,5335054,27740960,20150430,201504,DORWN,58,105,24.34,0,0.8,N,0,,20150430,160559,SERVICE
Y8ANA,1,5335054,27744085,20150501,201505,MARJY,58,105,24.34,0,3.7,N,0,,20150501,102849,MARJY
Y8ANA,1,5335054,27744192,20150428,201505,HURDA,58,105,24.34,0,7,N,0,,20150501,104827,HURDA
Y8ANA,1,5335054,27744203,20150501,201505,HURDA,58,105,24.34,0,2.7,N,0,,20150501,105130,HURDA
Y8ANA,1,5335054,27745618,20150501,201505,DORWN,58,105,24.34,0,5.7,N,0,,20150501,133913,SERVICE
Y8ANA,1,5335054,27745670,20150501,201505,JIMEL,58,105,24.34,0,6.5,N,0,,20150501,134312,
Y8ANA,1,5335054,27745837,20150501,201505,RYANZ,58,105,24.34,0,7,N,0,,20150501,135532,SERVICE
Y8ANA,1,5335054,27747014,20150501,201505,SWEED,54,105,30.64,0,0.3,N,0,,20150501,150949,SWEED
Y8ANA,1,5335054,27749135,20150501,201505,THOMD,58,105,24.34,0,2.5,N,0,,20150501,202818,SERVICE
Y8ANA,1,5335054,27752499,20150430,201505,CALWJ,58,105,24.34,0,0.5,N,0,,20150504,64059,SERVICE
Y8ANA,1,5335054,27755502,20150504,201505,DORWN,58,105,24.34,0,8,N,0,,20150504,145616,SERVICE
Y8ANA,1,5335054,27756792,20150504,201505,HURDA,58,105,24.34,0,5.1,N,0,,20150504,163126,HURDA
Y8ANA,1,5335054,27762337,20150505,201505,HURDA,58,105,24.42,0,2,N,0,,20150505,160901,HURDA
Y8ANA,1,5335054,27763112,20150505,201505,OBRIT,54,105,30.83,0,0.2,N,0,,20150505,211025,OBRIT
Y8ANA,1,5335054,27764674,20150505,201505,DORWN,58,105,24.42,0,5.5,N,0,,20150506,83922,SERVICE
Y8ANA,1,5335054,27766746,20150506,201505,DORWN,58,105,24.42,0,2.7,N,0,,20150506,132644,DORWN
Y8ANA,1,5335054,27768898,20150506,201505,SPEVG,58,105,24.42,0,2.5,N,0,,20150506,154520,SERVICE
Y8ANA,1,5335054,27769019,20150506,201505,DORWN,58,105,24.42,0,0.8,N,0,,20150506,155436,DORWN
Y8ANA,1,5335054,27769020,20150506,201505,DORWN,58,105,24.42,0,0.5,N,0,,20150506,155437,DORWN
Y8ANA,1,5335054,27772544,20150507,201505,DORWN,58,105,24.42,0,0.8,N,0,,20150507,112429,SERVICE
Y8ANA,1,5335054,27773116,20150507,201505,MARJY,58,105,24.42,0,1,N,0,,20150507,130527,SERVICE
Y8ANA,1,5335054,27774797,20150507,201505,DORWN,58,105,24.42,0,0.5,N,0,,20150507,152333,DORWN
Y8ANA,1,5335054,27774937,20150507,201505,SMIAL,58,105,24.42,0,8,N,0,,20150507,153138,SERVICE
Y8ANA,1,5335054,27776844,20150507,201505,OBRIT,54,105,30.83,0,0.4,N,0,,20150508,1305,OBRIT
Y8ANA,1,5335054,27778831,20150507,201505,HURDA,58,105,24.42,0,1,N,0,,20150508,113858,HURDA
Y8ANA,1,5335054,27779849,20150508,201505,SMIAL,58,105,24.42,0,1.5,N,0,,20150508,135634,SERVICE
Y8ANA,1,5335054,27779927,20150505,201505,JIMEL,58,105,24.42,0,3,N,0,,20150508,140234,SERVICE
Y8ANA,1,5335054,27780427,20150508,201505,OBRIT,54,105,30.83,0,1.4,N,0,,20150508,142911,SERVICE
Y8ANA,1,5335054,27780938,20150508,201505,DORWN,58,105,24.42,0,0.8,N,0,,20150508,150454,DORWN
Y8ANA,1,5335054,27787068,20150511,201505,LEPHU,58,105,24.42,0,3.2,N,0,,20150511,122622,LEPHU
Y8ANA,1,5335054,27788574,20150511,201505,LEPHU,58,105,24.42,0,2.5,N,0,,20150511,150919,LEPHU
Y8ANA,1,5335054,27794854,20150512,201505,LEPHU,58,105,24.42,0,4,N,0,,20150512,152739,LEPHU
Y8ANA,1,5335054,27800897,20150513,201505,LEPHU,58,105,24.42,0,2,N,0,,20150513,152038,LEPHU
Y8ANA,1,5335054,27801347,20150513,201505,HURDA,58,105,24.42,0,2.3,N,0,,20150513,154607,HURDA
Y8ANA,1,5335054,27802362,20150513,201505,JAMER,58,105,24.42,0,0.5,N,0,,20150513,183729,HURDA
Y8ANA,1,5335054,27802684,20150513,201505,FIXCA,107,105,30.42,0,7.7,N,0,,20150513,211817,FIXCA
Y8ANA,1,5335054,27811642,20150515,201505,SWEED,54,105,30.83,0,0.3,N,0,,20150515,110247,HURDA
Y8ANA,1,5335054,27814966,20150515,201505,HURDA,58,105,24.42,0,1,N,0,,20150515,153803,HURDA
Y8ANA,1,5335054,27821301,20150518,201505,MARJY,58,105,24.42,0,0.4,N,0,,20150518,123603,MARJY
Y8ANA,1,5335054,27821328,20150518,201505,FAUVT,54,105,30.83,0,0.3,N,0,,20150518,124223,FAUVT
Y8ANA,1,5335054,27823176,20150518,201505,HURDA,58,105,24.42,0,6.3,N,0,,20150518,152835,HURDA
Y8ANA,1,5335054,27882313,20150601,201506,BOWEX,54,105,30.78,0,0.1,N,0,,20150601,113323,BOWEX
Y8ANA,1,5335054,27902423,20150604,201506,RYANZ,58,105,24.45,0,1,N,0,,20150604,153002,SERVICE
Y8ANA,1,5335054,27925406,20150605,201506,HURDA,58,105,24.45,0,0.5,N,0,,20150609,142322,HURDA
Y8ANA,1,5335054,27942195,20150605,201506,RYANZ,58,105,24.45,0,0.8,N,0,,20150612,73924,HURDA
Y8ANA,1,5335054,27946934,20150612,201506,HURDA,58,105,24.45,0,2.5,N,0,,20150612,155746,HURDA
Y8ANA,1,5335054,27948291,20150612,201506,OBRIT,54,105,30.85,0,0.3,N,0,,20150612,205400,
Y8ANA,1,5335054,27948321,20150612,201506,OBRIT,54,105,30.85,0,0.7,N,0,,20150612,212727,OBRIT
Y8ANA,1,5335054,27948432,20150612,201506,JAMER,58,105,24.45,0,4.5,N,0,,20150612,225912,SERVICE
Y8ANA,1,5335054,27948440,20150612,201506,JAMER,58,105,24.45,1,0.1,N,0,,20150612,231826,SERVICE
Y8ANA,1,5335054,27948441,20150612,201506,JAMER,58,105,24.45,1,0.1,N,0,,20150612,231846,SERVICE
Y8ANA,1,5335054,27954474,20150615,201506,GALDB,58,105,24.45,0,0.3,N,0,,20150615,153204,SERVICE
Y8ANA,1,5335054,27954545,20150615,201506,HURDA,58,105,24.45,0,1.5,N,0,,20150615,153551,HURDA
Y8ANA,1,5335054,27959337,20150616,201506,GALDB,58,105,24.45,0,1.5,N,0,,20150616,145202,HURDA
Y8ANA,1,5335054,27962341,20150615,201506,HURDA,58,105,24.45,0,0.8,N,0,,20150617,71934,HURDA
Y8ANA,1,5335054,27966172,20150617,201506,CALWJ,58,105,24.56,0,0.5,N,0,,20150617,152826,SERVICE
Y8ANA,1,5335054,27967778,20150617,201506,HAROR,58,105,24.56,0,6,N,0,,20150617,221722,SERVICE
Y8ANA,1,5335054,27968752,20150617,201506,CALWJ,58,105,24.56,0,0.5,N,0,,20150618,70000,SERVICE
Y8ANA,1,5335054,27968759,20150617,201506,CALWJ,58,105,24.56,0,-0.5,N,0,,20150618,70037,SERVICE
Y8ANA,1,5335054,28006268,20150625,201506,SPEVG,58,105,24.56,0,3,N,0,,20150625,154944,SPEVG
Y8ANA,1,5335054,28017902,20150619,201506,HURDA,58,105,24.56,0,0.2,N,0,,20150628,185754,SERVICE
Y8ANA,1,5335054,28027983,20150630,201506,DUNEC,54,105,30.78,0,1.5,N,0,,20150630,150703,DUNEC
Y8ANA,1,5335054,28028197,20150629,201506,HURDA,58,105,24.76,0,1,N,0,,20150630,151912,SERVICE
Y8ANA,1,5335054,28028550,20150630,201506,HURDA,58,105,24.76,0,0.6,N,0,,20150630,153332,HURDA
Y8ANA,1,5335054,28032008,20150617,201506,HURDA,58,105,24.56,0,0.5,N,0,,20150701,104026,HURDA
Y8ANA,1,5335054,28032010,20150629,201506,HURDA,58,105,24.76,0,0.3,N,0,,20150701,104038,SERVICE
Y8ANA,1,5335054,28032013,20150521,201505,HURDA,58,105,24.52,0,0.5,N,0,,20150701,104108,HURDA
Y8ANA,1,5335054,28060417,20150708,201507,LEPHU,58,105,24.76,0,4,N,0,,20150708,152734,SERVICE
Y8ANA,1,5335054,28072433,20150709,201507,LEPHU,58,105,24.76,0,2.7,N,0,,20150709,151507,LEPHU
Y8ANA,1,5335054,28079310,20150710,201507,JIMEL,58,105,24.76,0,5,N,0,,20150710,145829,
Y8ANA,1,5335054,28079802,20150710,201507,LEPHU,58,105,24.76,0,3,N,0,,20150710,152053,SERVICE
Y8ANA,1,5335054,28079831,20150710,201507,MARJY,58,105,24.76,0,6.5,N,0,,20150710,152208,SERVICE
Y8ANA,1,5335054,28079995,20150708,201507,HURDA,58,105,24.76,0,1,N,0,,20150710,152707,HURDA
Y8ANA,1,5335054,28081812,20150710,201507,OBRIT,54,105,30.78,0,0.4,N,0,,20150710,210250,OBRIT
Y8ANA,1,5335054,28082033,20150710,201507,JAMER,58,105,24.76,0,3,N,0,,20150710,225310,SERVICE
Y8ANA,1,5335054,28082060,20150710,201507,OBRIT,54,105,30.78,0,0.4,N,0,,20150710,233459,OBRIT
Y8ANA,1,5335054,28088669,20150713,201507,LEPHU,58,105,24.76,0,4,N,0,,20150713,153332,SERVICE
Y8ANA,1,5335054,28088758,20150713,201507,JIMEL,58,105,24.76,0,8.2,N,0,,20150713,153802,
Y8ANA,1,5335054,28094039,20150714,201507,GALDB,58,105,24.87,0,6.5,N,0,,20150714,153332,SERVICE
Y8ANA,1,5335054,28100225,20150715,201507,JIMEL,58,105,24.87,0,1,N,0,,20150715,153105,
Y8ANA,1,5335054,28103851,20150715,201507,GALDB,58,105,24.87,0,7.5,N,0,,20150716,112535,SERVICE
Y8ANA,1,5335054,28103852,20150716,201507,GALDB,58,105,24.87,0,4.5,N,0,,20150716,112552,SERVICE
Y8ANA,1,5335054,28106765,20150716,201507,HURDA,58,105,24.87,0,2,N,0,,20150716,153649,HURDA
Y8ANA,1,5335054,28106830,20150715,201507,HURDA,58,105,24.87,0,1,N,0,,20150716,153908,HURDA
Y8ANA,1,5335054,28106856,20150716,201507,GALDB,58,105,24.87,0,3.5,N,0,,20150716,154021,SERVICE
Y8ANA,1,5335054,28124120,20150721,201507,HANSW,54,105,30.86,0,0.2,N,0,,20150721,122438,
Y8ANA,1,5335054,28138659,20150722,201507,GALDB,58,105,24.87,0,6.5,N,0,,20150723,153145,SERVICE
Y8ANA,1,5335054,28138700,20150723,201507,GALDB,58,105,24.87,0,6.5,N,0,,20150723,153246,SERVICE
Y8ANA,1,5335054,28140349,20150723,201507,STAMM,58,105,24.87,0,2,N,0,,20150723,222906,SERVICE
Y8ANA,1,5335054,28140412,20150723,201507,HAROR,58,105,24.87,0,2,N,0,,20150723,224305,
Y8ANA,1,5335054,28140421,20150723,201507,HAROR,58,105,24.87,0,-2,N,0,,20150723,224757,RYANZ
Y8ANA,1,5335054,28140426,20150723,201507,JAMER,58,0,24.87,0,3.5,N,0,T,20150723,224930,MARJY
Y8ANA,1,5335054,28144034,20150722,201507,HURDA,58,105,24.87,0,1.5,N,0,,20150724,142715,HURDA
Y8ANA,1,5335054,28145981,20150724,201507,GALDB,58,0,24.87,0,4.5,N,0,T,20150724,160942,SERVICE
Y8ANA,1,5335054,28165775,20150714,201507,HURDA,58,105,24.76,0,2,N,0,,20150729,154728,HURDA
Y8ANA,1,5335054,28219052,20150810,201508,DORWN,58,0,24.71,0,1,N,0,T,20150810,121110,SERVICE
Y8ANA,1,5335054,28224468,20150811,201508,BOWEX,54,105,30.86,0,0.1,N,0,,20150811,103925,BOWEX
Y8ANA,1,5335054,28224516,20150811,201508,BOWEX,54,105,30.86,0,0.3,N,0,,20150811,105139,BOWEX
Y8ANA,1,5335054,28224524,20150811,201508,BOWEX,54,105,30.86,0,0.1,N,0,,20150811,105232,BOWEX
Y8ANA,1,5335054,28230731,20150812,201508,HANSW,54,105,30.91,0,0.2,N,0,,20150812,100927,
Y8ANA,1,5335054,28230739,20150812,201508,HANSW,54,105,30.91,0,0.1,N,0,,20150812,101145,
Y8ANA,1,5335054,28230744,20150812,201508,HANSW,54,105,30.91,0,0.1,N,0,,20150812,101217,
Y8ANA,1,5335054,28230747,20150812,201508,HANSW,54,105,30.91,0,0.1,N,0,,20150812,101312,
Y8ANA,1,5335054,28230750,20150812,201508,HANSW,54,105,30.91,0,0.1,N,0,,20150812,101352,
Y8ANA,1,5335054,28230817,20150812,201508,HANSW,54,105,30.91,0,0.2,N,0,,20150812,103424,
Y8ANA,1,5335054,28230826,20150812,201508,HANSW,54,105,30.91,0,0.1,N,0,,20150812,103513,
Y8ANA,1,5335054,28230966,20150812,201508,HANSW,54,105,30.91,0,0.2,N,0,,20150812,105349,
Y8ANA,1,5335054,28231785,20150812,201508,LUTHA,58,0,24.81,0,7.5,N,0,T,20150812,132931,HURDA
Y8ANA,1,5335054,28251659,20150812,201508,LUTHA,58,0,24.81,0,-7.5,N,0,T,20150817,90126,HURDA
Y8ANA,1,5335054,28255870,20150817,201508,HAROR,58,0,24.81,0,2,N,0,T,20150817,205553,
Y8ANA,1,5335054,28255889,20150817,201508,VEIKD,54,105,30.91,0,0.3,N,0,,20150817,210804,VEIKD
Y8ANA,1,5335054,28268334,20150819,201508,STAMM,58,0,24.81,0,3.5,N,0,T,20150819,193737,SERVICE
Y8ANA,1,5335054,28270434,20150818,201508,GALDB,58,0,24.81,0,1,N,0,T,20150820,104050,SERVICE
Y8ANA,1,5335054,28270436,20150819,201508,GALDB,58,0,24.81,0,2.5,N,0,T,20150820,104138,SERVICE
Y8ANA,1,5335054,28298536,20150819,201508,GALDB,58,0,24.81,0,-2.5,N,0,T,20150826,70850,SERVICE
Y8ANA,1,5335054,28298614,20150818,201508,GALDB,58,0,24.81,0,-1,N,0,T,20150826,72650,SERVICE
Y8ANA,1,5335054,28314854,20150817,201508,HAROR,58,0,24.81,0,-2,N,0,T,20150828,151439,
Y8ANA,1,5335054,28314856,20150819,201508,STAMM,58,0,24.81,0,-3.5,N,0,T,20150828,151445,SERVICE
Y8ANA,1,5335054,28314861,20150724,201507,GALDB,58,0,24.87,0,-4.5,N,0,T,20150828,151502,SERVICE
Y8ANA,1,5335054,28314863,20150810,201508,DORWN,58,0,24.71,0,-1,N,0,T,20150828,151516,SERVICE
Y8ANA,1,5335054,28314873,20150723,201507,JAMER,58,0,24.87,0,-3.5,N,0,T,20150828,151550,MARJY
Y8ANA,1,5335054,28349072,20150904,201509,GALDB,58,105,24.82,0,5.3,N,0,,20150904,153208,RYANZ
Y8ANA,1,5335054,28350780,20150904,201509,JAMER,58,105,24.82,0,8.7,N,0,,20150904,214033,SERVICE
Y8ANA,1,5335054,28350963,20150904,201509,JAMER,58,105,24.82,1,0.3,N,0,,20150904,231513,SERVICE
Y8ANA,1,5335054,28359524,20150908,201509,CALWJ,58,105,24.81,0,-0.7,N,0,,20150909,71238,RYANZ
Y8ANA,1,5335054,28362926,20150909,201509,GALDB,58,105,24.81,0,1.7,N,0,,20150909,152233,HURDA
Y8ANA,1,5335054,28369377,20150908,201509,CALWJ,58,105,24.81,0,1.7,N,0,,20150910,151128,HURDA
Y8ANA,1,5335054,28369436,20150910,201509,SWEED,54,105,30.88,0,0.5,N,0,,20150910,151428,SWEED
Y8ANA,1,5335054,28369763,20150910,201509,RYANZ,58,105,24.81,0,1,N,0,,20150910,152809,LEPHU
Y8ANA,1,5335054,28371533,20150910,201509,THOMD,58,105,24.81,0,0.5,N,0,,20150910,225304,SERVICE
Y8ANA,1,5335054,28372899,20150911,201509,SWEED,54,105,30.88,0,0.3,N,0,,20150911,84504,SWEED
Y8ANA,1,5335054,28377999,20150911,201509,MCCAD,54,105,30.88,0,1,N,0,,20150911,182416,MCCAD
Y8ANA,1,5335054,28378029,20150911,201509,JAMER,58,105,24.81,0,5,N,0,,20150911,183604,SERVICE
Y8ANA,1,5335054,28378296,20150911,201509,THOMD,58,105,24.81,0,3.6,N,0,,20150911,221342,SERVICE
Y8ANA,1,5335054,28378371,20150911,201509,OBRIT,54,105,30.88,0,2.3,N,0,,20150911,231442,OBRIT
Y8ANA,1,5335054,28397310,20150916,201509,SWEED,54,105,30.88,0,0.3,N,0,,20150916,154018,SWEED
Y8ANA,1,5335054,28401188,20150917,201509,MARJY,58,105,24.81,0,3,N,0,,20150917,110857,HURDA
Y8ANA,1,5335054,28403250,20150917,201509,LEPHU,58,105,24.81,0,1.5,N,0,,20150917,150139,SPEVG
Y8ANA,1,5335054,28403744,20150917,201509,SWEED,54,105,30.88,0,0.1,N,0,,20150917,153018,SWEED
Y8ANA,1,5335054,28407449,20150917,201509,CALWJ,58,105,24.81,0,2.5,Y,0,,20150918,100048,SERVICE
Y8ANA,1,5335054,28411182,20150918,201509,LEPHU,58,105,24.81,0,4,N,0,,20150918,152605,LEPHU
Y8ANA,1,5335054,28411218,20150918,201509,CALWJ,58,105,24.81,0,8,Y,0,,20150918,152734,SERVICE
Y8ANA,1,5335054,28417079,20150921,201509,LEPHU,58,105,24.81,0,1.5,N,0,,20150921,81255,LEPHU
Y8ANA,1,5335054,28418419,20150921,201509,LEPHU,58,105,24.81,0,1.5,N,0,,20150921,132747,DORWN
Y8ANA,1,5335054,28419488,20150921,201509,LEPHU,58,105,24.81,0,1.5,N,0,,20150921,145937,LEPHU
Y8ANA,1,5335054,28425588,20150922,201509,CALWJ,58,105,24.83,0,8.2,Y,0,,20150922,151829,SERVICE
Y8ANA,1,5335054,28426055,20150922,201509,RYANZ,58,105,24.83,0,0.5,N,0,,20150922,154020,SERVICE
Y8ANA,1,5335054,28427266,20150922,201509,VEIKD,54,105,30.78,0,0.3,N,0,,20150922,215757,VEIKD
Y8ANA,1,5335054,28427393,20150922,201509,OBRIT,54,105,30.78,0,0.3,N,0,,20150922,225356,OBRIT
Y8ANA,1,5335054,28429565,20150923,201509,CALWJ,58,105,24.83,0,1.2,Y,0,,20150923,111649,SERVICE
Y8ANA,1,5335054,28432244,20150923,201509,CALWJ,58,105,24.83,0,2.5,Y,0,,20150923,153126,SERVICE
Y8ANA,1,5335054,28432417,20150923,201509,HURDA,58,105,24.83,0,1,N,0,,20150923,154015,HURDA
Y8ANA,1,5335054,28435212,20150924,201509,CALWJ,58,105,24.83,0,1,N,0,,20150924,85734,SERVICE
Y8ANA,1,5335054,28435986,20150924,201509,GALDB,58,105,24.83,0,1.5,N,0,,20150924,111903,SERVICE
Y8ANA,1,5335054,28437854,20150924,201509,HURDA,58,105,24.83,0,0.7,N,0,,20150924,145800,HURDA
Y8ANA,1,5335054,28443531,20150925,201509,GALDB,58,105,24.83,0,4,N,0,,20150925,132959,SERVICE
Y8ANA,1,5335054,28443890,20150925,201509,BOWEX,54,105,30.78,0,0.1,N,0,,20150925,135914,BOWEX
Y8ANA,1,5335054,28445080,20150925,201509,GALDB,58,105,24.83,0,2.5,N,0,,20150925,151425,SPEVG
Y8ANA,1,5335054,28445295,20150925,201509,MARJY,58,105,24.83,0,4,N,0,,20150925,152522,MARJY
Y8ANA,1,5335054,28445301,20150925,201509,MARJY,58,105,24.83,0,-0.1,N,0,,20150925,152542,MARJY
Y8ANA,1,5335054,28445302,20150925,201509,MARJY,58,105,24.83,1,0.1,N,0,,20150925,152543,MARJY
Y8ANA,1,5335054,28459543,20150929,201509,MARJY,58,105,24.83,0,4,N,0,,20150929,152954,MARJY
Y8ANA,1,5335054,28463579,20150930,201509,GALDB,58,105,24.83,0,2.5,N,0,,20150930,104325,SERVICE
Y8ANA,1,5335054,28463582,20150929,201509,GALDB,58,105,24.83,0,5.5,N,0,,20150930,104405,SERVICE
Y8ANA,1,5335054,28465969,20150930,201509,LEPHU,58,105,24.83,0,2.5,N,0,,20150930,150945,HARRD
Y8ANA,1,5335054,28466647,20150930,201509,RYANZ,58,105,24.83,0,2,N,0,,20150930,154309,SERVICE
Y8ANA,1,5335054,28467935,20150930,201509,STAMM,58,105,24.83,0,4.5,N,0,,20150930,212953,SERVICE
Y8ANA,1,5335054,28474796,20151001,201510,GALDB,58,105,24.83,0,1,N,0,,20151002,71924,SERVICE
Y8ANA,1,5335054,28486368,20151005,201510,HANSW,54,105,30.78,0,0.3,N,0,,20151005,133525,
Y8ANA,1,5335054,28486385,20151005,201510,GALDB,58,105,24.83,0,0.5,N,0,,20151005,133809,SERVICE
Y8ANA,1,5335054,28494821,20151006,201510,STAMM,58,105,25.01,0,0.5,N,0,,20151006,224438,SERVICE
Y8ANA,1,5335054,28499074,20151007,201510,MARJY,58,105,25.01,0,0.8,N,0,,20151007,152243,MARJY
Y8ANA,1,5335054,28501835,20150923,201509,TURMS,58,0,24.83,0,1,N,0,T,20151008,74600,TURMS
Y8ANA,1,5335054,28501837,20151005,201510,HURDA,58,105,24.83,0,0.3,N,0,,20151008,74609,HURDA
Y8ANA,1,5335054,28501844,20150923,201509,TURMS,58,0,24.83,0,-1,N,0,T,20151008,74707,TURMS
Y8ANA,1,5335054,28510780,20151007,201510,HURDA,58,105,25.01,0,2.7,N,0,,20151009,144912,HURDA
Y8ANA,1,5335054,28510799,20151007,201510,HURDA,58,105,25.01,0,-1,N,0,,20151009,145010,HURDA
Y8ANA,1,5335054,28510880,20151006,201510,HURDA,58,105,25.01,0,2.5,N,0,,20151009,145423,HURDA
Y8ANA,1,5335054,28511426,20151009,201510,HURDA,58,105,25.01,0,1.6,N,0,,20151009,152723,HURDA
Y8ANA,1,5335054,28518769,20151012,201510,CALWJ,58,105,25.01,0,1,N,0,,20151012,152747,SERVICE
Y8ANA,1,5335054,28525510,20151013,201510,OBRIT,54,105,31.15,0,0.1,N,0,,20151013,222952,OBRIT
Y8ANA,1,5335054,28531434,20151014,201510,THOMD,58,105,25.01,0,3,N,0,,20151014,210713,SERVICE
Y8ANA,1,5335054,28535657,20151015,201510,BOWEX,54,105,31.15,0,0.1,N,0,,20151015,150905,BOWEX
Y8ANA,1,5335054,28535810,20151015,201510,BOWEX,54,105,31.15,0,0.1,N,0,,20151015,151522,BOWEX
Y8ANA,1,5335054,28535811,20151015,201510,BOWEX,54,105,31.15,0,0.1,N,0,,20151015,151523,BOWEX
Y8ANA,1,5335054,28537517,20151015,201510,DRAPS,54,105,31.15,0,0.2,N,0,,20151015,184843,DRAPS
Y8ANA,1,5335054,28540767,20151016,201510,SWEED,54,105,31.15,0,0.1,N,0,,20151016,123306,
Y8ANA,1,5335054,28540777,20151016,201510,POTTZ,73,105,22.17,0,2,N,0,,20151016,123423,EDWAM
Y8ANA,1,5335054,28540779,20151016,201510,SWEED,54,105,31.15,0,0.1,N,0,,20151016,123437,SWEED
Y8ANA,1,5335054,28540785,20151016,201510,SWEED,54,105,31.15,0,0.1,N,0,,20151016,123457,
Y8ANA,1,5335054,28540880,20151016,201510,SWEED,54,105,31.15,0,0.1,N,0,,20151016,124720,
Y8ANA,1,5335054,28545263,20151016,201510,JAMER,58,105,25.01,0,0.5,N,0,,20151016,225137,SERVICE
Y8ANA,1,5335054,28547463,20151017,201510,SMITA,58,105,25.01,0,5,N,0,,20151018,192325,RANGJ
Y8ANA,1,5335054,28547468,20151018,201510,SMITA,58,105,25.01,0,-1.5,N,0,,20151018,192757,RANGJ
Y8ANA,1,5335054,28548926,20151019,201510,BOWEX,54,105,31.15,0,0.1,N,0,,20151019,90059,BOWEX
Y8ANA,1,5335054,28550991,20151019,201510,SWEED,54,105,31.15,0,0.1,N,0,,20151019,145313,
Y8ANA,1,5335054,28558323,20151020,201510,HAROR,58,105,25.07,0,0.5,N,0,,20151020,202447,
Y8ANA,1,5335054,28558647,20151020,201510,OBRIT,54,105,30.94,0,0.3,N,0,,20151020,230850,OBRIT
Y8ANA,1,5335054,28575163,20151023,201510,HURDA,58,105,25.07,0,1,N,0,,20151023,154653,HURDA
Y8ANA,1,5335054,28577807,20151024,201510,QUICC,54,105,30.94,0,0.1,N,0,,20151024,220558,QUICC
Y8ANA,1,5335054,28577808,20151024,201510,QUICC,54,105,30.94,0,0.1,N,0,,20151024,220659,QUICC
Y8ANA,1,5335054,28579233,20151026,201510,SWEED,54,105,30.94,1,0.2,N,0,,20151026,64133,
Y8ANA,1,5335054,28581343,20151026,201510,BOWEX,54,105,30.94,0,0.1,N,0,,20151026,133626,BOWEX
Y8ANA,1,5335054,28581344,20151026,201510,BOWEX,54,105,30.94,0,0.1,N,0,,20151026,133627,BOWEX
Y8ANA,1,5335054,28583032,20151026,201510,SWEED,54,105,30.94,0,0.3,N,0,,20151026,154248,SWEED
Y8ANA,1,5335054,28583619,20151026,201510,VEIKD,54,105,30.94,0,0.2,N,0,,20151026,164817,
Y8ANA,1,5335054,28584839,20151027,201510,SWEED,54,105,30.94,1,0.2,N,0,,20151027,62019,
Y8ANA,1,5335054,28585536,20151027,201510,SIDBR,58,0,25.07,0,1,N,0,T,20151027,85039,HURDA
Y8ANA,1,5335054,28585599,20151027,201510,SIDBR,58,0,25.07,0,-1,N,0,T,20151027,90503,HURDA
Y8ANA,1,5335054,28603397,20151028,201510,HURDA,58,105,25.07,1,4,N,0,,20151030,73544,HURDA
Y8ANA,1,5335054,28609658,20151030,201510,OBRIT,54,105,30.94,0,0.6,N,0,,20151030,211427,OBRIT
Y8ANA,1,5335054,28609725,20151030,201510,OBRIT,54,105,30.94,0,0.7,N,0,,20151030,230751,OBRIT
Y8ANA,1,5335055,27697951,20150422,201504,BOWEX,54,105,30.6,0,0.1,N,0,,20150422,114838,BOWEX
Y8ANA,1,5335055,27701898,20150422,201504,OBRIT,54,105,30.64,0,0.3,N,0,,20150422,223700,OBRIT
Y8ANA,1,5335055,27747089,20150501,201505,SWEED,54,105,30.64,0,0.2,N,0,,20150501,151358,
Y8ANA,1,5335055,27747094,20150501,201505,SWEED,54,105,30.64,0,0.1,N,0,,20150501,151434,SWEED
Y8ANA,1,5335056,27751518,20150503,201505,RANGJ,58,105,24.34,0,0.1,N,0,,20150503,173223,
Y8ANA,1,5335056,27751519,20150503,201505,BEECM,58,105,24.34,0,0.4,N,0,,20150503,173240,
Y8ANA,1,5335056,27753990,20150504,201505,BOWEX,54,105,30.64,0,0.1,N,0,,20150504,113347,BOWEX
Y8ANA,1,5335056,27788963,20150511,201505,HANSW,54,105,30.83,0,0.2,N,0,,20150511,152918,
Y8ANA,1,5335057,27696276,20150421,201504,LEEBX,71,105,24.48,0,5.5,N,0,,20150422,2536,SERVICE
Y8ANA,1,5335057,27696318,20150421,201504,BAKET,71,105,24.48,0,8.5,N,0,,20150422,4950,SERVICE
Y8ANA,1,5335057,27704658,20150423,201504,FEHLA,71,105,24.53,0,7,N,0,,20150423,135216,SERVICE
Y8ANA,1,5335057,27705923,20150423,201504,ADENB,71,105,24.53,0,8,N,0,,20150423,152003,SERVICE
Y8ANA,1,5335057,27708216,20150423,201504,LEEBX,71,105,24.53,0,4,N,0,,20150424,5137,SERVICE
Y8ANA,1,5335057,27708219,20150423,201504,BAKET,71,105,24.53,0,4,N,0,,20150424,5548,SERVICE
Y8ANA,1,5335057,27708666,20150423,201504,BLASD,71,105,24.53,0,5,N,0,,20150424,70240,BLASD
Y8ANA,1,5335057,27712434,20150424,201504,BULLC,71,105,24.53,0,8,N,0,,20150424,151250,SERVICE
Y8ANA,1,5335057,27712445,20150423,201504,BULLC,71,105,24.53,0,8,N,0,,20150424,151316,SERVICE
Y8ANA,1,5335057,27712606,20150424,201504,FEHLA,71,105,24.53,0,8,N,0,,20150424,152001,SERVICE
Y8ANA,1,5335057,27712758,20150424,201504,BLASD,71,105,24.53,0,6,N,0,,20150424,152638,BLASD
Y8ANA,1,5335057,27714055,20150424,201504,WITTC,71,105,24.53,0,4.5,N,0,,20150424,181742,SERVICE
Y8ANA,1,5335057,27714144,20150424,201504,BEECM,58,105,24.34,0,3.5,N,0,,20150424,192912,SERVICE
Y8ANA,1,5335057,27714160,20150424,201504,FENSG,58,105,24.34,0,0.5,N,0,,20150424,194901,FENSG
Y8ANA,1,5335057,27714161,20150424,201504,FENSG,58,105,24.34,0,0.7,N,0,,20150424,194902,FENSG
Y8ANA,1,5335057,27714846,20150425,201504,BLADU,71,105,24.53,0,8,N,0,,20150425,105621,BLADU
Y8ANA,1,5335057,27714984,20150424,201504,BORDO,71,105,24.53,0,12,N,0,,20150425,122944,SERVICE
Y8ANA,1,5335057,27715074,20150425,201504,WITTC,71,105,24.53,0,7.5,N,0,,20150425,133232,SERVICE
Y8ANA,1,5335057,27715901,20150426,201504,VASAA,71,105,24.53,0,1,N,0,,20150426,74456,
Y8ANA,1,5335057,27715963,20150425,201504,BORDO,71,105,24.53,0,7,N,0,,20150426,91414,SERVICE
Y8ANA,1,5335057,27810652,20150512,201505,BLASD,71,105,24.56,0,3.5,N,0,,20150515,74913,BLASD
Y8ANA,1,5335057,27814964,20150515,201505,HURDA,58,105,24.42,0,4.5,N,0,,20150515,153803,HURDA
Y8ANA,1,5335057,27872818,20150529,201505,WITTC,71,105,24.59,0,1.5,N,0,,20150529,111204,SERVICE
Y8ANA,1,5335057,28021394,20150629,201506,FEHLA,71,105,24.66,0,2,N,0,,20150629,144117,SERVICE
Y8ANA,1,5335057,28021401,20150629,201506,FEHLA,71,105,24.66,0,1,N,0,,20150629,144155,SERVICE
Y8ANA,1,5335057,28269409,20150819,201508,CALWJ,58,105,24.81,0,6.5,N,0,,20150820,64147,SERVICE
Y8ANA,1,5335057,28289492,20150824,201508,ADENB,71,105,24.75,0,8,N,0,,20150824,151656,SERVICE
Y8ANA,1,5335057,28295662,20150825,201508,CALWJ,58,105,24.82,0,3,Y,0,,20150825,151417,SERVICE
Y8ANA,1,5335057,28297390,20150825,201508,BOYEG,54,105,30.91,0,0.5,N,0,,20150825,204337,
Y8ANA,1,5335057,28297932,20150825,201508,LEEBX,71,105,24.75,0,10,N,0,,20150826,3001,SERVICE
Y8ANA,1,5335057,28304476,20150826,201508,LEEBX,71,105,24.75,0,1.5,N,0,,20150827,5114,SERVICE
Y8ANA,1,5335057,28306216,20150827,201508,BLASD,71,105,24.75,0,7.5,N,0,,20150827,120457,BLASD
Y8ANA,1,5335057,28325593,20150901,201509,CALWJ,58,105,24.82,0,2.5,Y,0,,20150901,63502,SERVICE
Y8ANA,1,5335057,28325628,20150901,201509,CALWJ,58,105,24.82,0,-2.5,N,0,,20150901,64624,SERVICE
Y8ANA,1,5335057,28325632,20150831,201509,CALWJ,58,105,24.82,0,2.5,Y,0,,20150901,64718,SERVICE
Y8ANA,1,5335057,28368055,20150909,201509,BULLC,71,105,24.87,1,2,N,0,,20150910,132224,SERVICE
Y8ANA,1,5335057,28371866,20150910,201509,HARMJ,71,105,24.87,0,1,N,0,,20150911,4955,SERVICE
Y8ANA,1,5335057,28376192,20150911,201509,BLASD,71,105,24.87,0,1,N,0,,20150911,151102,BLASD
Y8ANA,1,5335057,28386732,20150914,201509,BOYEG,54,105,30.88,0,1.5,N,0,,20150915,2733,BOYEG
Y8ANA,1,5335057,28386781,20150914,201509,LEEBX,71,105,24.87,0,10,N,0,,20150915,5050,SERVICE
Y8ANA,1,5335057,28386782,20150914,201509,LEEBX,71,105,24.87,0,1.5,N,0,,20150915,5051,SERVICE
Y8ANA,1,5335057,28396783,20150916,201509,REDJA,71,105,24.87,0,3,N,0,,20150916,151136,REDJA
Y8ANA,1,5335057,28404303,20150917,201509,REDJA,71,105,24.87,0,9,N,0,,20150917,160816,REDJA
Y8ANA,1,5335057,28407851,20150917,201509,LYONN,71,105,24.87,0,4,N,0,,20150918,110507,SERVICE
Y8ANA,1,5335057,28410645,20150918,201509,LYONN,71,105,24.87,0,4,N,0,,20150918,150125,
Y8ANA,1,5335057,28411148,20150918,201509,REDJA,71,105,24.87,0,8,N,0,,20150918,152357,SERVICE
Y8ANA,1,5335057,28419726,20150921,201509,REDJA,71,105,24.87,0,8,N,0,,20150921,152031,REDJA
Y8ANA,1,5335057,28419727,20150921,201509,REDJA,71,105,24.87,1,1,N,0,,20150921,152032,REDJA
Y8ANA,1,5335057,28431740,20150923,201509,REDJA,71,105,24.79,0,8,N,0,,20150923,150426,REDJA
Y8ANA,1,5335057,28431741,20150923,201509,REDJA,71,105,24.79,1,1,N,0,,20150923,150427,REDJA
Y8ANA,1,5335057,28435036,20150924,201509,LUEDR,71,105,24.79,0,10,N,0,,20150924,81609,SERVICE
Y8ANA,1,5335057,28435037,20150924,201509,LUEDR,71,105,24.79,1,1,N,0,,20150924,81610,SERVICE
Y8ANA,1,5335057,28435158,20150924,201509,DAHLN,71,105,24.79,0,2,N,0,,20150924,84439,DAHLN
Y8ANA,1,5335057,28438174,20150924,201509,REDJA,71,105,24.79,0,8,N,0,,20150924,151749,REDJA
Y8ANA,1,5335057,28440683,20150925,201509,LUEDR,71,105,24.79,0,5.5,N,0,,20150925,11325,SERVICE
Y8ANA,1,5335057,28440685,20150925,201509,LUEDR,71,105,24.79,1,0.5,N,0,,20150925,11326,SERVICE
Y8ANA,1,5335057,28441333,20150925,201509,LUEDR,71,105,24.79,1,0.5,N,0,,20150925,74605,SERVICE
Y8ANA,1,5335057,28446319,20150925,201509,REDJA,71,105,24.79,0,8,N,0,,20150925,164045,REDJA
Y8ANA,1,5335057,28446320,20150925,201509,REDJA,71,105,24.79,1,2.5,N,0,,20150925,164046,REDJA
Y8ANA,1,5335057,28448166,20150926,201509,BUNCT,71,105,24.79,0,2,N,0,,20150926,182611,BUNCT
Y8ANA,1,5335057,28448390,20150926,201509,SPARY,71,105,24.79,0,12,N,0,,20150927,64944,SERVICE
Y8ANA,1,5335057,28449184,20150927,201509,REJDH,71,105,24.79,0,12,N,0,,20150927,180756,REJDH
Y8ANA,1,5335057,28449195,20150927,201509,SPARY,71,105,24.79,0,12,N,0,,20150927,181320,SERVICE
Y8ANA,1,5335057,28449196,20150927,201509,BUNCT,71,105,24.79,0,8,N,0,,20150927,181632,BUNCT
Y8ANA,1,5335057,28451268,20150928,201509,BUNCT,71,105,24.79,0,1.7,N,0,,20150928,124540,BUNCT
Y8ANA,1,5335057,28452776,20150928,201509,REDJA,71,105,24.79,0,8,N,0,,20150928,150149,REDJA
Y8ANA,1,5335057,28452777,20150928,201509,REDJA,71,105,24.79,1,0.3,N,0,,20150928,150150,REDJA
Y8ANA,1,5335057,28453002,20150928,201509,SPARY,71,105,24.79,0,6,N,0,,20150928,151641,SERVICE
Y8ANA,1,5335057,28453647,20150928,201509,BLASD,71,105,24.79,0,1.5,N,0,,20150928,155434,BLASD
Y8ANA,1,5335057,28455076,20150928,201509,LEEBX,71,105,24.79,0,5,N,0,,20150929,5350,SERVICE
Y8ANA,1,5335057,28455083,20150928,201509,BAKET,71,105,24.79,0,2,N,0,,20150929,5813,SOHLJ
Y8ANA,1,5335057,28455084,20150928,201509,BAKET,71,105,24.79,1,2.5,N,0,,20150929,5814,SOHLJ
Y8ANA,1,5335057,28455387,20150928,201509,LOYRO,54,105,30.78,0,0.5,N,0,,20150929,64040,LOYRO
Y8ANA,1,5335057,28455572,20150929,201509,LUEDR,71,105,24.79,0,9.5,N,0,,20150929,71932,SERVICE
Y8ANA,1,5335057,28455573,20150929,201509,LUEDR,71,105,24.79,1,1.3,N,0,,20150929,71933,SERVICE
Y8ANA,1,5335057,28458704,20150928,201509,BOYEG,54,105,30.78,0,1,N,0,,20150929,143634,BOYEG
Y8ANA,1,5335057,28459204,20150929,201509,LOYRO,54,105,30.78,0,0.7,N,0,,20150929,151024,LOYRO
Y8ANA,1,5335057,28460223,20150929,201509,REDJA,71,105,24.79,0,8,N,0,,20150929,162303,REDJA
Y8ANA,1,5335057,28460224,20150929,201509,REDJA,71,105,24.79,1,2,N,0,,20150929,162304,REDJA
Y8ANA,1,5335057,28461724,20150930,201509,LUEDR,71,105,24.79,0,10,N,0,,20150930,3146,SERVICE
Y8ANA,1,5335057,28461725,20150930,201509,LUEDR,71,105,24.79,1,1.3,N,0,,20150930,3147,SERVICE
Y8ANA,1,5335057,28461767,20150929,201509,LEEBX,71,105,24.79,0,1,N,0,,20150930,5958,SERVICE
Y8ANA,1,5335057,28461900,20150930,201509,GOULS,58,105,24.83,0,2,N,0,,20150930,50111,SERVICE
Y8ANA,1,5335057,28463058,20150929,201509,LYONN,71,105,24.79,0,8,N,0,,20150930,85529,
Y8ANA,1,5335057,28463059,20150929,201509,LYONN,71,105,24.79,1,2,N,0,,20150930,85549,
Y8ANA,1,5335057,28463060,20150928,201509,LYONN,71,105,24.79,0,8,N,0,,20150930,85626,LYONN
Y8ANA,1,5335057,28463061,20150928,201509,LYONN,71,105,24.79,1,2,N,0,,20150930,85627,LYONN
Y8ANA,1,5335057,28466200,20150930,201509,REDJA,71,105,24.79,0,8,N,0,,20150930,152222,REDJA
Y8ANA,1,5335057,28466201,20150930,201509,REDJA,71,105,24.79,1,2,N,0,,20150930,152223,REDJA
Y8ANA,1,5335057,28468837,20150930,201510,LOYRO,54,105,30.78,0,0.3,N,0,,20151001,64058,LOYRO
Y8ANA,1,5335057,28469027,20151001,201510,LUEDR,71,105,24.79,0,10,N,0,,20151001,71610,SERVICE
Y8ANA,1,5335057,28471688,20151001,201510,FEHLA,71,105,24.79,0,5,N,0,,20151001,151620,SERVICE
Y8ANA,1,5335057,28472404,20151001,201510,REDJA,71,105,24.79,0,4,N,0,,20151001,160706,REDJA
Y8ANA,1,5335057,28472405,20151001,201510,REDJA,71,105,24.79,1,2,N,0,,20151001,160707,REDJA
Y8ANA,1,5335057,28473300,20151001,201510,BAKET,71,105,24.79,0,3,N,0,,20151001,192725,SERVICE
Y8ANA,1,5335057,28473754,20151001,201510,LEEBX,71,105,24.79,0,3,N,0,,20151001,224627,SERVICE
Y8ANA,1,5335057,28474733,20151001,201510,LYONN,71,105,24.79,0,8,N,0,,20151002,71000,
Y8ANA,1,5335057,28474735,20151001,201510,LYONN,71,105,24.79,1,2,N,0,,20151002,71017,
Y8ANA,1,5335057,28474743,20150930,201510,LYONN,71,105,24.79,0,7,N,0,,20151002,71124,LYONN
Y8ANA,1,5335057,28474744,20150930,201510,LYONN,71,105,24.79,1,1,N,0,,20151002,71125,LYONN
Y8ANA,1,5335057,28475598,20151001,201510,FUCHT,71,105,24.79,0,1,,0,,20151002,84758,FUCHT
Y8ANA,1,5335057,28475789,20150929,201510,BLASD,71,105,24.79,0,2,N,0,,20151002,92148,BLASD
Y8ANA,1,5335057,28475791,20150929,201510,BLASD,71,105,24.79,0,1.5,N,0,,20151002,92149,BLASD
Y8ANA,1,5335057,28475814,20151001,201510,BLASD,71,105,24.79,0,4,N,0,,20151002,92641,BLASD
Y8ANA,1,5335057,28478238,20151002,201510,LYONN,71,105,24.79,0,7,N,0,,20151002,142226,LYONN
Y8ANA,1,5335057,28478802,20151002,201510,FEHLA,71,105,24.79,0,8,N,0,,20151002,145243,SERVICE
Y8ANA,1,5335057,28478803,20151002,201510,FEHLA,71,105,24.79,1,1.5,N,0,,20151002,145244,SERVICE
Y8ANA,1,5335057,28479376,20151002,201510,LOYRO,54,105,30.78,0,0.3,N,0,,20151002,151833,LOYRO
Y8ANA,1,5335057,28479857,20151002,201510,BLASD,71,105,24.79,0,3,N,0,,20151002,153510,BLASD
Y8ANA,1,5335057,28480450,20151002,201510,REDJA,71,105,24.79,0,5,N,0,,20151002,161555,SERVICE
Y8ANA,1,5335057,28482189,20151002,201510,CASBC,71,105,24.79,0,11.5,N,0,,20151003,115601,CASBC
Y8ANA,1,5335057,28482880,20151004,201510,CARRC,71,105,24.79,0,6,N,0,,20151004,50555,SERVICE
Y8ANA,1,5335057,28483235,20151003,201510,FEHLA,71,105,24.79,1,1,N,0,,20151004,130509,SERVICE
Y8ANA,1,5335057,28483699,20151003,201510,CARRC,71,105,24.79,0,7,N,0,,20151004,172454,SERVICE
Y8ANA,1,5335057,28483854,20151004,201510,BUNCT,71,105,24.79,0,1.5,N,0,,20151004,182104,BUNCT
Y8ANA,1,5335057,28483860,20151004,201510,CASBC,71,105,24.79,0,12,N,0,,20151004,182156,SERVICE
Y8ANA,1,5335057,28483861,20151003,201510,CASBC,71,105,24.79,0,6,N,0,,20151004,182259,SERVICE
Y8ANA,1,5335057,28486553,20151005,201510,CASBC,71,105,24.79,0,4,N,0,,20151005,140027,LIESM
Y8ANA,1,5335057,28486883,20151005,201510,ADENB,71,105,24.79,0,8,N,0,,20151005,142525,SERVICE
Y8ANA,1,5335057,28486884,20151005,201510,ADENB,71,105,24.79,1,1,N,0,,20151005,142526,SERVICE
Y8ANA,1,5335057,28487126,20151005,201510,FEHLA,71,105,24.79,0,7,N,0,,20151005,144346,SERVICE
Y8ANA,1,5335057,28487973,20151005,201510,CASBC,71,105,24.79,0,1,N,0,,20151005,155111,CASBC
Y8ANA,1,5335057,28489367,20151005,201510,LEEBX,71,105,24.79,0,5.5,N,0,,20151006,5538,SERVICE
Y8ANA,1,5335057,28491212,20151005,201510,HURDA,58,105,24.83,0,0.8,N,0,,20151006,115558,HURDA
Y8ANA,1,5335057,28492906,20151006,201510,FEHLA,71,105,24.81,0,8,N,0,,20151006,150724,SERVICE
Y8ANA,1,5335057,28492907,20151006,201510,FEHLA,71,105,24.81,1,1,N,0,,20151006,150725,SERVICE
Y8ANA,1,5335057,28492930,20151006,201510,ADENB,71,105,24.81,0,8,N,0,,20151006,150912,SERVICE
Y8ANA,1,5335057,28492931,20151006,201510,ADENB,71,105,24.81,1,2,N,0,,20151006,150913,SERVICE
Y8ANA,1,5335057,28495178,20151006,201510,LEEBX,71,0,24.81,0,7.5,N,0,T,20151007,5410,SERVICE
Y8ANA,1,5335057,28495895,20151005,201510,LYONN,71,105,24.81,0,8,N,0,,20151007,80103,LYONN
Y8ANA,1,5335057,28495896,20151005,201510,LYONN,71,105,24.81,1,2,N,0,,20151007,80104,LYONN
Y8ANA,1,5335057,28497038,20151007,201510,FEHLA,71,105,24.81,1,1.5,N,0,,20151007,114918,SERVICE
Y8ANA,1,5335057,28497039,20151007,201510,FEHLA,71,105,24.81,0,4,N,0,,20151007,114919,SERVICE
Y8ANA,1,5335057,28497946,20151007,201510,LIESM,71,105,24.81,0,4,N,0,,20151007,141123,SERVICE
Y8ANA,1,5335057,28497990,20151006,201510,LIESM,71,105,24.81,0,4,N,0,,20151007,141431,SERVICE
Y8ANA,1,5335057,28497993,20151006,201510,LIESM,71,105,24.81,1,3,N,0,,20151007,141432,SERVICE
Y8ANA,1,5335057,28498071,20151007,201510,LIESM,71,105,24.81,0,4,N,0,,20151007,141838,SERVICE
Y8ANA,1,5335057,28498075,20151007,201510,LIESM,71,105,24.81,1,1,N,0,,20151007,141839,SERVICE
Y8ANA,1,5335057,28498134,20151007,201510,LIESM,71,105,24.81,0,-3,N,0,,20151007,142138,SERVICE
Y8ANA,1,5335057,28498135,20151007,201510,LIESM,71,105,24.81,0,-3,N,0,,20151007,142139,SERVICE
Y8ANA,1,5335057,28498232,20151005,201510,LIESM,71,105,24.81,0,3,N,0,,20151007,142511,SERVICE
Y8ANA,1,5335057,28498346,20151007,201510,ADENB,71,105,24.81,0,4,N,0,,20151007,143037,SERVICE
Y8ANA,1,5335057,28498347,20151007,201510,ADENB,71,105,24.81,0,4,N,0,,20151007,143038,SERVICE
Y8ANA,1,5335057,28498348,20151007,201510,ADENB,71,105,24.81,1,1.5,N,0,,20151007,143039,SERVICE
Y8ANA,1,5335057,28499767,20151007,201510,REDJA,71,105,24.81,0,1,N,0,,20151007,161733,SERVICE
Y8ANA,1,5335057,28499768,20151007,201510,REDJA,71,105,24.81,1,2,N,0,,20151007,161734,SERVICE
Y8ANA,1,5335057,28500175,20151007,201510,CARRC,71,105,24.81,0,12,N,0,,20151007,172727,SERVICE
Y8ANA,1,5335057,28501122,20151007,201510,LEEBX,71,105,24.81,0,6,N,0,,20151008,5252,SERVICE
Y8ANA,1,5335057,28504849,20151008,201510,ADENB,71,105,24.81,0,8,N,0,,20151008,151033,SERVICE
Y8ANA,1,5335057,28504850,20151008,201510,ADENB,71,105,24.81,1,2,N,0,,20151008,151034,SERVICE
Y8ANA,1,5335057,28504910,20151008,201510,FEHLA,71,105,24.81,0,8,N,0,,20151008,151428,SERVICE
Y8ANA,1,5335057,28504911,20151008,201510,FEHLA,71,105,24.81,1,1.5,N,0,,20151008,151429,SERVICE
Y8ANA,1,5335057,28504985,20151008,201510,REDJA,71,105,24.81,0,4,N,0,,20151008,152028,SERVICE
Y8ANA,1,5335057,28504986,20151008,201510,REDJA,71,105,24.81,1,1,N,0,,20151008,152029,SERVICE
Y8ANA,1,5335057,28506178,20151008,201510,CARRC,71,105,24.81,0,10,N,0,,20151008,172546,SERVICE
Y8ANA,1,5335057,28506732,20151008,201510,BOYEG,54,105,31.15,0,2,N,0,,20151008,220038,
Y8ANA,1,5335057,28507236,20151008,201510,LEEBX,71,105,24.81,0,4.5,N,0,,20151009,5424,SERVICE
Y8ANA,1,5335057,28507351,20151009,201510,LUEDR,71,105,24.81,0,6,N,0,,20151009,42912,SERVICE
Y8ANA,1,5335057,28510205,20151009,201510,BULLC,71,105,24.81,0,3,N,0,,20151009,141830,SERVICE
Y8ANA,1,5335057,28510219,20151008,201510,BULLC,71,105,24.81,0,8,N,0,,20151009,141931,SERVICE
Y8ANA,1,5335057,28510220,20151008,201510,BULLC,71,105,24.81,1,2,N,0,,20151009,141932,SERVICE
Y8ANA,1,5335057,28511154,20151009,201510,ADENB,71,105,24.81,0,8,N,0,,20151009,151320,SERVICE
Y8ANA,1,5335057,28511155,20151009,201510,ADENB,71,105,24.81,1,2,N,0,,20151009,151321,SERVICE
Y8ANA,1,5335057,28511313,20151009,201510,FEHLA,71,105,24.81,0,4.5,N,0,,20151009,152242,SERVICE
Y8ANA,1,5335057,28511418,20151009,201510,LEEBX,71,105,24.81,0,1,N,0,,20151009,152708,SERVICE
Y8ANA,1,5335057,28512395,20151009,201510,CARRC,71,105,24.81,0,10,N,0,,20151009,170809,SERVICE
Y8ANA,1,5335057,28513366,20151010,201510,ADENB,71,105,24.81,1,5,N,0,,20151010,94836,SERVICE
Y8ANA,1,5335057,28513367,20151010,201510,FEHLA,71,105,24.81,1,4,N,0,,20151010,94844,SERVICE
Y8ANA,1,5335057,28514075,20151010,201510,CARRC,71,105,24.81,0,5,N,0,,20151010,171643,SERVICE
Y8ANA,1,5335057,28515015,20151011,201510,CARRC,71,105,24.81,0,7,N,0,,20151011,164326,SERVICE
Y8ANA,1,5335057,28515217,20151011,201510,BUNCT,71,105,24.81,0,6.5,N,0,,20151011,181035,BUNCT
Y8ANA,1,5335057,28515248,20151011,201510,CASBC,71,105,24.81,0,6,N,0,,20151011,182914,SERVICE
Y8ANA,1,5335057,28517048,20151012,201510,BUNCT,71,105,24.81,0,8,N,0,,20151012,124046,BUNCT
Y8ANA,1,5335057,28518504,20151012,201510,ADENB,71,105,24.81,0,8,N,0,,20151012,151630,SERVICE
Y8ANA,1,5335057,28518505,20151012,201510,ADENB,71,105,24.81,1,2,N,0,,20151012,151631,SERVICE
Y8ANA,1,5335057,28518529,20151012,201510,FEHLA,71,105,24.81,0,6.2,N,0,,20151012,151741,SERVICE
Y8ANA,1,5335057,28523630,20151013,201510,ADENB,71,105,24.81,0,8,N,0,,20151013,151447,RECKT
Y8ANA,1,5335057,28523631,20151013,201510,ADENB,71,105,24.81,1,2,N,0,,20151013,151448,RECKT
Y8ANA,1,5335057,28523636,20151013,201510,FEHLA,71,105,24.81,0,8,N,0,,20151013,151500,RECKT
Y8ANA,1,5335057,28523637,20151013,201510,FEHLA,71,105,24.81,1,0.5,N,0,,20151013,151501,RECKT
Y8ANA,1,5335057,28524552,20151013,201510,CARRC,71,105,24.81,0,11.2,N,0,,20151013,162714,SERVICE
Y8ANA,1,5335057,28525704,20151014,201510,LUEDR,71,105,24.81,0,1.5,N,0,,20151013,232730,SERVICE
Y8ANA,1,5335057,28525956,20151013,201510,BAKET,71,105,24.81,1,2.5,N,0,,20151014,4752,BLASD
Y8ANA,1,5335057,28525971,20151013,201510,LEEBX,71,0,24.81,0,3,N,0,T,20151014,5224,BLASD
Y8ANA,1,5335057,28526027,20151013,201510,QUICR,71,105,24.81,0,2.5,N,0,,20151014,13631,SERVICE
Y8ANA,1,5335057,28526048,20151013,201510,PHILR,71,105,24.81,0,0.5,N,0,,20151014,21112,SERVICE
Y8ANA,1,5335057,28526061,20151013,201510,KINGX,71,105,24.81,0,2.5,N,0,,20151014,23018,SERVICE
Y8ANA,1,5335057,28526507,20151014,201510,LOYRO,54,105,31.15,0,0.3,N,0,,20151014,71351,LOYRO
Y8ANA,1,5335057,28527115,20151006,201510,LEEBX,71,0,24.81,0,-7.5,N,0,T,20151014,90040,SERVICE
Y8ANA,1,5335057,28527413,20151013,201510,LEEBX,71,0,24.81,0,-3,N,0,T,20151014,95847,BLASD
Y8ANA,1,5335057,28529909,20151014,201510,ADENB,71,105,24.81,0,4,N,0,,20151014,152219,SERVICE
Y8ANA,1,5335057,28535752,20151015,201510,PETBA,71,105,24.81,0,4,N,0,,20151015,151323,SERVICE
Y8ANA,1,5335057,28535753,20151015,201510,PETBA,71,105,24.81,1,2,N,0,,20151015,151324,SERVICE
Y8ANA,1,5335057,28535876,20151012,201510,LYONN,71,105,24.81,0,2,N,0,,20151015,151814,
Y8ANA,1,5335057,28535877,20151013,201510,LYONN,71,105,24.81,0,2,N,0,,20151015,151827,
Y8ANA,1,5335057,28535880,20151014,201510,LYONN,71,105,24.81,0,2,N,0,,20151015,151839,
Y8ANA,1,5335057,28540419,20151016,201510,PETBA,71,105,24.81,0,6.5,N,0,,20151016,114604,SERVICE
Y8ANA,1,5335057,28544676,20151016,201510,BUNCT,71,105,24.81,0,8,N,0,,20151016,181656,BUNCT
Y8ANA,1,5335057,28546123,20151017,201510,CARRC,71,105,24.81,0,4,N,0,,20151017,164843,SERVICE
Y8ANA,1,5335057,28546246,20151017,201510,BUNCT,71,105,24.81,0,3,N,0,,20151017,182538,BUNCT
Y8ANA,1,5335057,28547316,20151018,201510,BUNCT,71,105,24.81,0,7,N,0,,20151018,180448,BUNCT
Y8ANA,1,5335057,28556543,20151020,201510,FEHLA,71,105,24.85,1,0.5,N,0,,20151020,145508,SERVICE
Y8ANA,1,5335057,28556544,20151020,201510,FEHLA,71,105,24.85,0,0.5,N,0,,20151020,145509,SERVICE
Y8ANA,1,5335057,28557023,20151020,201510,LYONN,71,105,24.85,0,2,N,0,,20151020,152809,
Y8ANA,1,5335057,28557036,20151019,201510,LYONN,71,105,24.85,0,2,N,0,,20151020,152824,
Y8ANA,1,5335057,28560213,20151021,201510,FEHLA,71,105,24.85,0,4,N,0,,20151021,102135,SERVICE
Y8ANA,1,5335057,28568407,20151022,201510,CARRC,71,105,24.85,0,8,N,0,,20151022,152447,SERVICE
Y8ANA,1,5335057,28572933,20151023,201510,LYONN,71,105,24.85,0,2,N,0,,20151023,131215,
Y8ANA,1,5335057,28577687,20151024,201510,BUNCT,71,105,24.85,0,0.5,N,0,,20151024,182659,BUNCT
Y8ANA,1,5335057,28582702,20151026,201510,FEHLA,71,105,24.85,0,1.5,N,0,,20151026,152643,SERVICE
Y8ANA,1,5335057,28586608,20151027,201510,FEHLA,71,105,24.85,0,6,N,0,,20151027,122426,SERVICE
Y8ANA,1,5335057,28588304,20151027,201510,FEHLA,71,105,24.85,0,2.5,N,0,,20151027,145525,SERVICE
Y8ANA,1,5335057,28588479,20151027,201510,BULLC,71,105,24.85,0,8,N,0,,20151027,151102,SERVICE
Y8ANA,1,5335057,28590663,20151027,201510,HARMJ,71,105,24.85,0,1,N,0,,20151027,235927,SERVICE
Y8ANA,1,5335057,28592289,20151028,201510,FEHLA,71,105,24.85,0,5,N,0,,20151028,110127,SERVICE
Y8ANA,1,5335057,28605876,20151030,201510,CARRC,71,105,24.85,0,10,N,0,,20151030,133705,SERVICE
Y8ANA,1,5335058,27695527,20150421,201504,FIXCA,107,105,29.35,0,2,N,0,,20150421,191439,FIXCA
Y8ANA,1,5335059,27724486,20150428,201504,RYANZ,58,105,24.34,0,4.5,N,0,,20150428,103134,SERVICE
Y8ANA,1,5335059,27753592,20150504,201505,HURDA,58,105,24.34,0,1.5,N,0,,20150504,101552,SERVICE
Y8ANA,1,5335060,27715069,20150425,201504,AKSAA,107,105,30.42,0,3,N,0,,20150425,132919,AKSAA
Y8ANA,1,5335060,27753992,20150504,201505,BOWEX,54,105,30.64,0,0.1,N,0,,20150504,113509,BOWEX
Y8ANA,1,5335060,27791370,20150512,201505,HANSW,54,105,30.83,0,0.2,N,0,,20150512,71947,
Y8ANA,1,5335061,27688493,20150420,201504,YOUBR,107,105,29.35,0,0.5,N,0,,20150420,153149,YOUBR
Y8ANA,1,5335061,27700176,20150422,201504,YOUBR,107,105,30.42,0,2,N,0,,20150422,153309,YOUBR
Y8ANA,1,5335061,27720181,20150427,201504,FIXCA,107,105,30.42,0,0.5,N,0,,20150427,143049,FIXCA
Y8ANA,1,5335062,27688494,20150420,201504,YOUBR,107,105,29.35,0,2,N,0,,20150420,153150,YOUBR
Y8ANA,1,5335062,27697792,20150420,201504,YOUBR,107,105,29.35,0,1.5,N,0,,20150422,110357,YOUBR
Y8ANA,1,5335062,27700101,20150422,201504,YOUBR,107,105,30.42,0,1.5,N,0,,20150422,153001,YOUBR
Y8ANA,1,5335063,27720170,20150427,201504,FIXCA,107,105,30.42,0,2,N,0,,20150427,143007,FIXCA
Y8ANA,1,5335064,27720171,20150427,201504,FIXCA,107,105,30.42,0,2,N,0,,20150427,143008,FIXCA
Y8ANA,1,5335065,27729070,20150428,201504,JAMER,58,105,24.34,0,10,N,0,,20150428,225728,BRYAZ
Y8ANA,1,5335065,27729086,20150428,201504,THOMD,58,0,24.34,0,2,N,0,T,20150428,230119,SERVICE
Y8ANA,1,5335065,27733641,20150429,201504,HURDA,58,0,24.34,0,1,N,0,T,20150429,153137,HURDA
Y8ANA,1,5335065,27735236,20150429,201504,JAMER,58,0,24.34,0,10,N,0,T,20150429,224827,SERVICE
Y8ANA,1,5335065,27735265,20150429,201504,THOMD,58,105,24.34,0,7,N,0,,20150429,230051,SERVICE
Y8ANA,1,5335065,27740562,20150430,201504,HURDA,58,105,24.34,0,1.5,N,0,,20150430,153705,HURDA
Y8ANA,1,5335065,27742024,20150430,201504,JAMER,58,105,24.34,0,10,N,0,,20150430,222243,SERVICE
Y8ANA,1,5335065,27742152,20150430,201504,THOMD,58,105,24.34,0,10,N,0,,20150430,230056,SERVICE
Y8ANA,1,5335065,27744193,20150428,201505,HURDA,58,105,24.34,0,1,N,0,,20150501,104827,HURDA
Y8ANA,1,5335065,27748845,20150501,201505,THOMD,58,105,24.34,0,5,N,0,,20150501,175908,SERVICE
Y8ANA,1,5335065,27762334,20150505,201505,HURDA,58,105,24.42,0,3,N,0,,20150505,160900,HURDA
Y8ANA,1,5335065,27763393,20150505,201505,JAMER,58,105,24.42,0,10,N,0,,20150505,225202,SERVICE
Y8ANA,1,5335065,27770496,20150506,201505,JAMER,58,105,24.42,0,10,N,0,,20150506,224509,SERVICE
Y8ANA,1,5335065,27776622,20150507,201505,THOMD,58,105,24.42,0,0.5,N,0,,20150507,224308,SERVICE
Y8ANA,1,5335065,27778828,20150507,201505,HURDA,58,105,24.42,0,1,N,0,,20150508,113857,HURDA
Y8ANA,1,5335065,27779095,20150507,201505,JAMER,58,0,24.42,0,10,N,0,T,20150508,122923,SERVICE
Y8ANA,1,5335065,27782721,20150508,201505,JAMER,58,105,24.42,0,5.5,N,0,,20150508,182517,SERVICE
Y8ANA,1,5335065,27796610,20150512,201505,JAMER,58,105,24.42,0,4,N,0,,20150512,225758,LEPHU
Y8ANA,1,5335065,28004977,20150429,201504,JAMER,58,0,24.34,0,-10,N,0,T,20150625,144355,SERVICE
Y8ANA,1,5335065,28004985,20150429,201504,HURDA,58,0,24.34,0,-1,N,0,T,20150625,144420,HURDA
Y8ANA,1,5335065,28004987,20150428,201504,THOMD,58,0,24.34,0,-2,N,0,T,20150625,144420,SERVICE
Y8ANA,1,5335065,28025783,20150507,201505,JAMER,58,0,24.42,0,-10,N,0,T,20150630,120737,SERVICE
Y8ANA,1,5335065,28026582,20150507,201505,JAMER,58,105,24.42,0,10,N,0,,20150630,131801,SERVICE
Y8ANA,1,5335065,28026586,20150619,201506,HURDA,58,105,24.56,0,1,N,0,,20150630,131822,SERVICE
Y8ANA,1,5335065,28027410,20150630,201506,HURDA,58,105,24.76,0,2.5,N,0,,20150630,143100,HURDA
Y8ANA,1,5335065,28030096,20150630,201506,JAMER,58,105,24.76,0,7,N,0,,20150630,223408,SERVICE
Y8ANA,1,5335065,28082030,20150710,201507,JAMER,58,105,24.76,0,4.6,N,0,,20150710,225310,SERVICE
Y8ANA,1,5335065,28084493,20150712,201507,RANGJ,58,105,24.76,0,0.5,N,0,,20150712,193102,
Y8ANA,1,5335065,28084504,20150712,201507,BEECM,58,105,24.76,0,3,N,0,,20150712,194027,SERVICE
Y8ANA,1,5335065,28086006,20150713,201507,LEPHU,58,105,24.76,0,4,N,0,,20150713,101818,LEPHU
Y8ANA,1,5335065,28281137,20150817,201508,HURDA,58,105,24.81,0,1,N,0,,20150821,153252,HURDA
Y8ANA,1,5335065,28511427,20151009,201510,HURDA,58,105,25.01,0,2,N,0,,20151009,152723,HURDA
Y8ANA,1,5335065,28552970,20151019,201510,DRAPS,54,105,31.15,0,0.2,N,0,,20151019,224838,DRAPS
Y8ANA,1,5335065,28557962,20151020,201510,OBRIT,54,105,30.94,0,0.3,N,0,,20151020,170321,
Y8ANA,1,5335065,28558065,20151020,201510,OBRIT,54,105,30.94,0,0.2,N,0,,20151020,173020,
Y8ANA,1,5335066,28208672,20150807,201508,HANSW,54,105,30.86,0,0.3,N,0,,20150807,84553,
Y8ANA,1,5335066,27660815,20150414,201504,KADAM,58,105,24.43,0,1,N,0,,20150414,155626,KADAM
Y8ANA,1,5335066,27698003,20150422,201504,SCHLS,58,105,24.43,0,1,N,0,,20150422,120224,SCHLS
Y8ANA,1,5335066,27703962,20150423,201504,SCHLS,58,105,24.34,0,10,N,0,,20150423,120516,SCHLS
Y8ANA,1,5335066,27708450,20150423,201504,LARKC,58,105,24.34,0,9,N,0,,20150424,61200,SERVICE
Y8ANA,1,5335066,27712089,20150424,201504,ORENT,58,105,24.34,0,8,Y,0,,20150424,145516,SERVICE
Y8ANA,1,5335066,27712090,20150424,201504,ORENT,58,105,24.34,1,1,N,0,,20150424,145517,SERVICE
Y8ANA,1,5335066,27712154,20150424,201504,LARKC,58,105,24.34,0,9,N,0,,20150424,145837,SERVICE
Y8ANA,1,5335066,27718512,20150427,201504,SCHLS,58,105,24.34,0,10,N,0,,20150427,114701,SCHLS
Y8ANA,1,5335066,27718882,20150427,201504,WILLB,58,105,24.34,0,4.5,N,0,,20150427,131404,SCHLS
Y8ANA,1,5335066,27718883,20150427,201504,WILLB,58,105,24.34,0,1.7,N,0,,20150427,131405,SCHLS
Y8ANA,1,5335066,27721027,20150427,201504,ORENT,58,105,24.34,0,8,Y,0,,20150427,152305,SCHLS
Y8ANA,1,5335066,27724581,20150428,201504,SCHLS,58,105,24.34,0,4,N,0,,20150428,105101,SCHLS
Y8ANA,1,5335066,27725395,20150428,201504,WILLB,58,105,24.34,0,4.8,N,0,,20150428,131632,SCHLS
Y8ANA,1,5335066,27727114,20150427,201504,LARKC,58,105,24.34,0,8,N,0,,20150428,152521,SCHLS
Y8ANA,1,5335066,27731138,20150429,201504,SCHLS,58,0,24.34,0,10,N,0,T,20150429,115638,SCHLS
Y8ANA,1,5335066,27731764,20150429,201504,WILLB,58,105,24.34,0,5.3,N,0,,20150429,132201,SCHLS
Y8ANA,1,5335066,27733357,20150429,201504,ORENT,58,105,24.34,1,1.7,Y,0,,20150429,151922,SCHLS
Y8ANA,1,5335066,27737427,20150430,201504,SCHLS,58,105,24.34,0,8.5,N,0,,20150430,101922,SCHLS
Y8ANA,1,5335066,27738269,20150430,201504,WILLB,58,105,24.34,0,5.4,N,0,,20150430,130309,SCHLS
Y8ANA,1,5335066,27739930,20150430,201504,ORENT,58,105,24.34,0,8,N,0,,20150430,150323,SCHLS
Y8ANA,1,5335066,27739931,20150430,201504,ORENT,58,105,24.34,1,1.3,N,0,,20150430,150324,SCHLS
Y8ANA,1,5335066,27745138,20150501,201505,ORENT,58,105,24.34,0,7.5,Y,0,,20150501,125809,SERVICE
Y8ANA,1,5335066,27753519,20150504,201505,SCHLS,58,105,24.34,0,9,N,0,,20150504,95800,SCHLS
Y8ANA,1,5335066,27754442,20150504,201505,WILLB,58,105,24.34,0,5,N,0,,20150504,132451,SCHLS
Y8ANA,1,5335066,27754841,20150504,201505,ORENT,58,105,24.34,0,2.8,N,0,,20150504,140718,SERVICE
Y8ANA,1,5335066,27757899,20150505,201505,WILLB,58,105,24.34,0,0.5,N,0,,20150505,43004,SERVICE
Y8ANA,1,5335066,27759479,20150505,201505,SCHLS,58,105,24.34,0,8,N,0,,20150505,115253,SCHLS
Y8ANA,1,5335066,27765991,20150506,201505,SCHLS,58,105,24.42,0,3.5,N,0,,20150506,112800,SCHLS
Y8ANA,1,5335066,27826950,20150519,201505,SCHLS,58,105,24.42,0,1,N,0,,20150519,121202,SCHLS
Y8ANA,1,5335066,27952197,20150615,201506,SCHLS,58,105,24.45,0,2,N,0,,20150615,102357,SCHLS
Y8ANA,1,5335066,27956151,20150616,201506,WILLB,58,105,24.45,0,2,N,0,,20150616,60329,SCHLS
Y8ANA,1,5335066,27996596,20150429,201504,SCHLS,58,0,24.34,0,-10,N,0,T,20150624,113805,SCHLS
Y8ANA,1,5335066,28003988,20150625,201506,GODIN,58,105,24.56,0,1.5,N,0,,20150625,132232,SCHLS
Y8ANA,1,5335066,28004459,20150625,201506,ORENT,58,105,24.56,0,2,N,0,,20150625,140922,SCHLS
Y8ANA,1,5335066,28010388,20150625,201506,ORENT,58,105,24.56,0,-2,N,0,,20150626,111329,SERVICE
Y8ANA,1,5335066,28021158,20150629,201506,MCCOS,58,105,24.76,0,6.5,Y,0,,20150629,142537,SERVICE
Y8ANA,1,5335066,28021804,20150629,201506,LARKC,58,105,24.76,0,2.5,N,0,,20150629,151229,SCHLS
Y8ANA,1,5335066,28026135,20150630,201506,LARKC,58,105,24.76,0,1,N,0,,20150630,121721,SCHNZ
Y8ANA,1,5335066,28058485,20150708,201507,BOWEX,54,105,30.78,0,0.1,N,0,,20150708,125221,BOWEX
Y8ANA,1,5335066,28058522,20150708,201507,BOWEX,54,105,30.78,0,0.3,N,0,,20150708,125746,BOWEX
Y8ANA,1,5335066,28077227,20150710,201507,DUNEC,54,105,30.78,0,0.2,N,0,,20150710,122123,DUNEC
Y8ANA,1,5335066,28077239,20150710,201507,DUNEC,54,105,30.78,0,0.3,N,0,,20150710,122316,
Y8ANA,1,5335066,28077240,20150710,201507,DUNEC,54,105,30.78,0,0.3,N,0,,20150710,122317,
Y8ANA,1,5335066,28124111,20150721,201507,HANSW,54,105,30.86,0,0.2,N,0,,20150721,122331,
Y8ANA,1,5335066,28539588,20151016,201510,SCHZA,58,105,25.01,1,0.5,N,0,,20151016,91716,SCHZA
Y8ANA,1,5335066,28583209,20151026,201510,HURDA,58,105,25.07,0,2.5,N,0,,20151026,155758,HURDA
Y8ANA,1,5335066,28583288,20151026,201510,SCHZA,58,105,25.07,0,0.5,N,0,,20151026,160454,SCHZA
Y8ANA,1,5335066,28589172,20151026,201510,GALDB,58,105,25.07,0,1.8,N,0,,20151027,155002,SERVICE
Y8ANA,1,5335067,27698002,20150422,201504,SCHLS,58,105,24.43,0,1,N,0,,20150422,120224,SCHLS
Y8ANA,1,5335067,27721048,20150427,201504,ORENT,58,105,24.34,1,1.6,Y,0,,20150427,152352,SCHLS
Y8ANA,1,5335067,27725394,20150428,201504,WILLB,58,105,24.34,0,1,N,0,,20150428,131631,SCHLS
Y8ANA,1,5335067,27726541,20150428,201504,ORENT,58,105,24.34,0,8,Y,0,,20150428,145413,SCHLS
Y8ANA,1,5335067,27726550,20150428,201504,ORENT,58,105,24.34,1,1.2,Y,0,,20150428,145457,SCHLS
Y8ANA,1,5335067,27731763,20150429,201504,WILLB,58,105,24.34,0,5.3,N,0,,20150429,132200,SCHLS
Y8ANA,1,5335067,27733350,20150429,201504,ORENT,58,105,24.34,0,7.5,Y,0,,20150429,151853,SCHLS
Y8ANA,1,5335067,27738270,20150430,201504,WILLB,58,105,24.34,0,5.3,N,0,,20150430,130310,SCHLS
Y8ANA,1,5335067,27753520,20150504,201505,SCHLS,58,105,24.34,0,1,N,0,,20150504,95801,SCHLS
Y8ANA,1,5335067,27765990,20150506,201505,SCHLS,58,105,24.42,0,1,N,0,,20150506,112800,SCHLS
Y8ANA,1,5335067,27826858,20150519,201505,WILLB,58,105,24.42,0,2,N,0,,20150519,114723,SCHLS
Y8ANA,1,5335067,27827135,20150519,201505,WILLB,58,105,24.42,0,1.3,N,0,,20150519,124935,SERVICE
Y8ANA,1,5335067,27831933,20150520,201505,WILLB,58,105,24.52,0,3.3,N,0,,20150520,82755,SERVICE
Y8ANA,1,5335067,27833908,20150520,201505,WILLB,58,105,24.52,0,1.3,N,0,,20150520,131904,SCHLS
Y8ANA,1,5335067,27834329,20150520,201505,ORENT,58,105,24.52,0,4,Y,0,,20150520,140847,SCHLS
Y8ANA,1,5335067,27840178,20150519,201505,WILLB,58,105,24.52,0,-2,N,0,,20150521,125911,SCHLS
Y8ANA,1,5335067,27840179,20150519,201505,WILLB,58,105,24.52,0,1.5,N,0,,20150521,125912,SCHLS
Y8ANA,1,5335067,27840180,20150519,201505,WILLB,58,105,24.52,1,0.5,N,0,,20150521,125913,SCHLS
Y8ANA,1,5335067,27840205,20150520,201505,WILLB,58,105,24.52,0,-1.3,N,0,,20150521,130227,SCHLS
Y8ANA,1,5335067,27840206,20150520,201505,WILLB,58,105,24.52,0,0.8,N,0,,20150521,130228,SCHLS
Y8ANA,1,5335067,27840207,20150520,201505,WILLB,58,105,24.52,1,0.5,N,0,,20150521,130229,SCHLS
Y8ANA,1,5335067,27881621,20150601,201506,SCHLS,58,105,24.52,0,4,N,0,,20150601,101209,SCHLS
Y8ANA,1,5335067,27922757,20150609,201506,SCHLS,58,105,24.45,0,2,N,0,,20150609,23825,SCHLS
Y8ANA,1,5335067,28058220,20150708,201507,SCHLS,58,105,24.76,0,1,N,0,,20150708,115642,SCHLS
Y8ANA,1,5335067,28580874,20151026,201510,WILLB,58,105,25.07,0,0.5,N,0,,20151026,120545,SCHLS
Y8ANA,1,5335068,27683121,20150418,201504,WEIGA,119,105,25.76,0,2.9,N,0,,20150419,2039,WEIGA
Y8ANA,1,5335068,27683472,20150418,201504,HALET,119,105,25.76,0,2.5,N,0,,20150419,110211,SERVICE
Y8ANA,1,5335068,27694123,20150421,201504,RABEJ,119,105,25.76,0,3,N,0,,20150421,152707,RABEJ
Y8ANA,1,5335068,27696268,20150421,201504,MATRS,119,105,25.76,0,1,N,0,,20150422,2257,FINDT
Y8ANA,1,5335068,27698265,20150422,201504,LARUE,72,105,23.89,0,1,N,0,,20150422,125013,SERVICE
Y8ANA,1,5335068,27700447,20150422,201504,BAXTD,119,105,25.8,0,1.2,N,0,,20150422,154710,SERVICE
Y8ANA,1,5335068,27700562,20150422,201504,CORBE,119,105,25.8,0,1.4,N,0,,20150422,155226,CORBE
Y8ANA,1,5335068,27731028,20150429,201504,RABEJ,119,105,25.8,0,2.5,N,0,,20150429,112051,RABEJ
Y8ANA,1,5335068,27739771,20150430,201504,RABEJ,119,105,25.8,0,3,N,0,,20150430,145152,RABEJ
Y8ANA,1,5335068,27757158,20150504,201505,JENKZ,119,105,25.8,0,3,N,0,,20150504,182917,SERVICE
Y8ANA,1,5335068,27757180,20150504,201505,NAJER,119,105,25.8,0,2,Y,0,,20150504,184149,SERVICE
Y8ANA,1,5335068,27757786,20150504,201505,JENKZ,119,105,25.8,0,1,N,0,,20150505,3949,SERVICE
Y8ANA,1,5335068,28435543,20150924,201509,RABEJ,119,105,26.31,0,2,N,0,,20150924,95317,RABEJ
Y8ANA,1,5335068,28443316,20150925,201509,RABEJ,119,105,26.31,0,2,N,0,,20150925,130730,RABEJ
Y8ANA,1,5335068,28450802,20150928,201509,RABEJ,119,105,26.31,0,0.5,N,0,,20150928,110226,RABEJ
Y8ANA,1,5335068,28527924,20151014,201510,RABEJ,119,105,26.36,0,1,N,0,,20151014,115324,RABEJ
Y8ANA,1,5335068,28529558,20151014,201510,RABEJ,119,105,26.36,0,2,N,0,,20151014,145221,RABEJ
Y8ANA,1,5335068,28539006,20151016,201510,RABEJ,119,105,26.36,0,0.5,N,0,,20151016,71546,RABEJ
Y8ANA,1,5335068,28587799,20151027,201510,RABEJ,119,105,26.43,0,0.5,N,0,,20151027,141810,RABEJ
Y8ANA,1,5335068,28598000,20151029,201510,RABEJ,119,105,26.43,0,2,N,0,,20151029,100018,RABEJ
Y8ANA,1,5335069,27952124,20150615,201506,BOWEX,54,105,30.85,0,0.1,N,0,,20150615,95820,BOWEX
Y8ANA,1,5335069,28051917,20150707,201507,HANSW,54,105,30.78,0,0.3,N,0,,20150707,121654,HANSW
Y8ANA,1,5335069,28124144,20150721,201507,HANSW,54,105,30.86,0,0.3,N,0,,20150721,122839,
Y8ANA,1,5335070,27696660,20150422,201504,SIDBR,58,105,24.43,0,0.7,N,0,,20150422,65845,SIDBR
Y8ANA,1,5335070,27706796,20150421,201504,HURDA,58,105,24.34,0,0.1,N,0,,20150423,161147,HURDA
Y8ANA,1,5335070,27973248,20150618,201506,SCHMY,58,0,24.56,0,2,N,0,T,20150618,162915,SCHMY
Y8ANA,1,5335070,28401408,20150618,201506,SCHMY,58,0,24.56,0,-2,N,0,T,20150917,120144,SCHMY
Y8ANA,1,5335071,27696659,20150422,201504,SIDBR,58,105,24.43,0,0.7,N,0,,20150422,65845,SIDBR
Y8ANA,1,5335071,27706797,20150421,201504,HURDA,58,105,24.34,0,0.1,N,0,,20150423,161147,HURDA
Y8ANA,1,5335072,27702561,20150423,201504,RHOAZ,58,105,24.34,0,8.5,N,0,,20150423,64201,SERVICE
Y8ANA,1,5335072,27780926,20150508,201505,DORWN,58,105,24.42,0,2.7,N,0,,20150508,150426,DORWN
Y8ANA,1,5335072,27836340,20150520,201505,HURDA,58,105,24.52,0,0.8,N,0,,20150520,163043,HURDA
Y8ANA,1,5335072,28106764,20150716,201507,HURDA,58,105,24.87,0,4,N,0,,20150716,153649,HURDA
Y8ANA,1,5335072,28106834,20150715,201507,HURDA,58,105,24.87,0,1.3,N,0,,20150716,153908,HURDA
Y8ANA,1,5335072,28106841,20150716,201507,HURDA,58,105,24.87,0,0.5,N,0,,20150716,153943,HURDA
Y8ANA,1,5335072,28220722,20150810,201508,CALWJ,58,105,24.71,0,1,Y,0,,20150810,151950,LEPHU
Y8ANA,1,5335072,28227817,20150811,201508,LUTHA,58,105,24.81,0,9,N,0,,20150811,160208,SERVICE
Y8ANA,1,5335072,28227874,20150811,201508,SMITJ,58,105,24.81,0,9,N,0,,20150811,160708,SERVICE
Y8ANA,1,5335072,28231745,20150811,201508,LUTHA,58,105,24.81,0,-9,N,0,,20150812,132506,HURDA
Y8ANA,1,5335072,28233226,20150811,201508,SMITJ,58,105,24.81,0,-9,N,0,,20150812,151538,HURDA
Y8ANA,1,5335072,28256138,20150817,201508,STAMM,58,105,24.81,0,1,N,0,,20150817,224945,SERVICE
Y8ANA,1,5335072,28256140,20150817,201508,STAMM,58,105,24.81,0,4,N,0,,20150817,224946,SERVICE
Y8ANA,1,5335072,28256453,20150818,201508,MCCLT,58,105,24.81,0,2.5,N,0,,20150818,20257,SERVICE
Y8ANA,1,5335072,28260887,20150818,201508,CALWJ,58,105,24.81,0,2,N,0,,20150818,155808,SERVICE
Y8ANA,1,5335072,28262118,20150817,201508,VEIKD,54,105,30.91,0,0.3,N,0,,20150818,221341,VEIKD
Y8ANA,1,5335072,28262119,20150818,201508,VEIKD,54,105,30.91,0,0.3,N,0,,20150818,221448,VEIKD
Y8ANA,1,5335072,28262205,20150818,201508,STAMM,58,105,24.81,0,3,N,0,,20150818,224604,SERVICE
Y8ANA,1,5335072,28269413,20150819,201508,CALWJ,58,105,24.81,0,1.5,Y,0,,20150820,64301,SERVICE
Y8ANA,1,5335072,28280998,20150819,201508,HURDA,58,105,24.81,0,3,N,0,,20150821,152844,HURDA
Y8ANA,1,5335072,28281054,20150818,201508,HURDA,58,105,24.81,0,3,N,0,,20150821,153028,HURDA
Y8ANA,1,5335072,28305912,20150827,201508,SWEED,54,105,30.91,0,0.5,N,0,,20150827,104941,SWEED
Y8ANA,1,5335072,28306439,20150827,201508,CALWJ,58,105,24.82,0,2,N,0,,20150827,124057,SERVICE
Y8ANA,1,5335072,28491821,20151006,201510,SWEED,54,105,31.15,0,0.2,N,0,,20151006,133939,SWEED
Y8ANA,1,5335072,28491823,20151006,201510,BOWEX,54,105,31.15,0,0.1,N,0,,20151006,134013,BOWEX
Y8ANA,1,5335072,28491824,20151006,201510,BOWEX,54,105,31.15,0,0.1,N,0,,20151006,134014,BOWEX
Y8ANA,1,5335072,28500399,20151007,201510,OBRIT,54,105,31.15,0,0.3,N,0,,20151007,191235,
Y8ANA,1,5335072,28500403,20151007,201510,OBRIT,54,105,31.15,0,0.3,N,0,,20151007,191348,
Y8ANA,1,5335072,28514729,20151011,201510,HANSW,54,105,31.15,0,0.2,N,0,,20151011,124938,
Y8ANA,1,5335072,28519382,20151012,201510,VEIKD,54,105,31.15,0,0.2,N,0,,20151012,163548,
Y8ANA,1,5335072,28527076,20151014,201510,HANSW,54,105,31.15,0,0.3,N,0,,20151014,85042,
Y8ANA,1,5335073,27715067,20150425,201504,AKSAA,107,105,30.42,0,2,N,0,,20150425,132658,AKSAA
Y8ANA,1,5335073,27754002,20150504,201505,BOWEX,54,105,30.64,0,0.1,N,0,,20150504,113806,BOWEX
Y8ANA,1,5335073,27791376,20150512,201505,HANSW,54,105,30.83,0,0.2,N,0,,20150512,72059,
Y8ANA,1,5335074,27688120,20150420,201504,DORWN,58,105,24.43,0,1,N,0,,20150420,151628,SERVICE
Y8ANA,1,5335074,27688759,20150420,201504,HURDA,58,105,24.43,0,2,N,0,,20150420,155138,RYANZ
Y8ANA,1,5335074,28537518,20151015,201510,STAMM,58,105,25.01,0,2,N,0,,20151015,184855,SERVICE
Y8ANA,1,5335074,28546295,20151017,201510,RANGJ,58,105,25.01,0,3,N,0,,20151017,193126,RANGJ
Y8ANA,1,5335074,28546588,20151018,201510,SMITA,58,105,25.01,0,3,N,0,,20151018,104424,FENSG
Y8ANA,1,5335075,27682888,20150418,201504,WEIGA,119,105,25.76,0,4.3,N,0,,20150418,181901,WEIGA
Y8ANA,1,5335075,28028378,20150630,201506,RABEJ,119,105,26.79,0,0.5,N,0,,20150630,152645,RABEJ
Y8ANA,1,5335075,28531460,20151014,201510,NAJER,119,105,26.36,0,2,N,0,,20151014,212603,SERVICE
Y8ANA,1,5335075,28531494,20151014,201510,NAJER,119,105,26.36,0,0.5,N,0,,20151014,214002,SERVICE
Y8ANA,1,5335075,28537298,20151015,201510,SIMMY,119,105,26.36,0,0.7,N,0,,20151015,175208,SIMMY
Y8ANA,1,5335076,27778844,20150506,201505,HURDA,58,105,24.42,0,1,N,0,,20150508,114050,HURDA
Y8ANA,1,5335076,27829124,20150519,201505,HURDA,58,105,24.42,0,1,N,0,,20150519,153157,HURDA
Y8ANA,1,5335077,27726944,20150428,201504,SWEED,54,105,30.64,0,1,N,0,,20150428,151559,SWEED
Y8ANA,1,5335077,27756458,20150504,201505,HAMRM,54,105,30.64,0,5,N,0,,20150504,154531,HAMRM
Y8ANA,1,5335077,27758465,20150505,201505,HANSW,54,105,30.64,0,0.3,N,0,,20150505,74731,HANSW
Y8ANA,1,5335077,27761667,20150505,201505,HANSW,54,105,30.64,0,1,N,0,,20150505,152453,HANSW
Y8ANA,1,5335077,27762387,20150505,201505,HAMRM,54,105,30.83,0,6,N,0,,20150505,161935,HAMRM
Y8ANA,1,5335077,27764831,20150506,201505,HAMRM,54,105,30.83,0,0.7,N,0,,20150506,91045,HAMRM
Y8ANA,1,5335077,27768275,20150506,201505,HANSW,54,105,30.83,0,0.3,N,0,,20150506,151642,HANSW
Y8ANA,1,5335077,27779093,20150508,201505,HANSW,54,105,30.83,0,4,N,0,,20150508,122900,HANSW
Y8ANA,1,5335077,27788599,20150511,201505,HANSW,54,105,30.83,0,1,N,0,,20150511,151053,HANSW
Y8ANA,1,5335077,27881437,20150601,201506,SWEED,54,105,30.78,0,1,N,0,,20150601,91651,SWEED
Y8ANA,1,5335077,27882310,20150601,201506,BOWEX,54,105,30.78,0,0.1,N,0,,20150601,113243,BOWEX
Y8ANA,1,5335077,28040990,20150702,201507,BOWEX,54,105,30.78,0,0.1,N,0,,20150702,145633,BOWEX
Y8ANA,1,5335077,28051377,20150707,201507,SWEED,54,105,30.78,0,0.2,N,0,,20150707,102015,
Y8ANA,1,5335077,28072765,20150709,201507,SWEED,54,105,30.78,0,0.5,N,0,,20150709,153012,SWEED
Y8ANA,1,5335077,28077420,20150710,201507,DUNEC,54,105,30.78,0,0.4,N,0,,20150710,124428,DUNEC
Y8ANA,1,5335077,28099735,20150715,201507,SWEED,54,105,30.86,0,0.5,N,0,,20150715,150521,SWEED
Y8ANA,1,5335077,28124148,20150721,201507,HANSW,54,105,30.86,0,0.2,N,0,,20150721,122903,
Y8ANA,1,5335077,28227100,20150811,201508,HAMRM,54,105,30.91,0,5,N,0,,20150811,152227,HAMRM
Y8ANA,1,5335077,28246178,20150814,201508,DUNEC,54,105,30.91,0,1.9,N,0,,20150814,144304,DUNEC
Y8ANA,1,5335077,28347977,20150904,201509,SWEED,54,105,30.91,0,2.5,N,0,,20150904,143238,SWEED
Y8ANA,1,5335077,28347992,20150904,201509,SWEED,54,105,30.91,0,1,N,0,,20150904,143316,SWEED
Y8ANA,1,5335077,28348257,20150904,201509,SWEED,54,105,30.91,0,0.1,N,0,,20150904,145027,
Y8ANA,1,5335077,28369446,20150910,201509,SWEED,54,105,30.88,0,1.5,N,0,,20150910,151441,SWEED
Y8ANA,1,5335077,28369532,20150910,201509,SWEED,54,105,30.88,0,0.5,N,0,,20150910,151843,SWEED
Y8ANA,1,5335077,28375785,20150911,201509,BOWEX,54,105,30.88,0,0.1,N,0,,20150911,144945,BOWEX
Y8ANA,1,5335077,28375792,20150911,201509,BOWEX,54,105,30.88,0,0.1,N,0,,20150911,145003,BOWEX
Y8ANA,1,5335077,28417607,20150921,201509,SWEED,54,105,30.88,0,0.2,N,0,,20150921,104530,
Y8ANA,1,5335077,28419780,20150921,201509,SWEED,54,105,30.88,0,1,N,0,,20150921,152304,SWEED
Y8ANA,1,5335077,28425770,20150922,201509,SWEED,54,105,30.78,0,0.5,N,0,,20150922,152646,SWEED
Y8ANA,1,5335077,28530134,20151014,201510,SWEED,54,105,31.15,0,1.5,N,0,,20151014,152856,SWEED
Y8ANA,1,5335077,28535497,20151015,201510,SWEED,54,105,31.15,0,2,N,0,,20151015,145917,SWEED
Y8ANA,1,5335077,28550112,20151019,201510,BOWEX,54,105,31.15,0,0.1,N,0,,20151019,134106,BOWEX
Y8ANA,1,5335077,28550278,20151019,201510,SWEED,54,105,31.15,0,0.3,N,0,,20151019,140045,
Y8ANA,1,5335077,28550866,20151019,201510,SWEED,54,105,31.15,0,2.5,N,0,,20151019,144011,SWEED
Y8ANA,1,5335077,28551461,20151019,201510,NORKE,54,105,31.15,0,1.6,N,0,,20151019,152611,NORKE
Y8ANA,1,5335077,28551484,20151019,201510,SWEED,54,105,31.15,0,1,N,0,,20151019,152733,SWEED
Y8ANA,1,5335077,28554178,20151020,201510,SWEED,54,105,31.15,1,0.6,N,0,,20151020,83239,SWEED
Y8ANA,1,5335077,28554828,20151020,201510,NORKE,54,105,31.15,0,2.3,N,0,,20151020,112435,
Y8ANA,1,5335077,28556498,20151020,201510,BOWEX,54,105,30.94,0,0.1,N,0,,20151020,144934,BOWEX
Y8ANA,1,5335077,28556562,20151020,201510,BOWEX,54,105,30.94,0,0.1,N,0,,20151020,145604,BOWEX
Y8ANA,1,5335077,28557689,20151020,201510,SWEED,54,105,30.94,0,0.5,N,0,,20151020,162628,SWEED
Y8ANA,1,5335077,28557723,20151020,201510,SWEED,54,105,30.94,0,0.5,N,0,,20151020,162849,SWEED
Y8ANA,1,5335077,28560879,20151021,201510,SWEED,54,105,30.94,0,0.1,N,0,,20151021,124137,
Y8ANA,1,5335077,28560889,20151021,201510,SWEED,54,105,30.94,0,0.1,N,0,,20151021,124252,
Y8ANA,1,5335077,28560897,20151021,201510,SWEED,54,105,30.94,0,0.1,N,0,,20151021,124352,
Y8ANA,1,5335078,27807834,20150514,201505,HURDA,58,105,24.42,0,2.5,N,0,,20150514,153315,HURDA
Y8ANA,1,5335078,27836339,20150520,201505,HURDA,58,105,24.52,0,1,N,0,,20150520,163043,HURDA
Y8ANA,1,5335078,28226475,20150811,201508,DUNEC,54,105,30.86,0,0.1,N,0,,20150811,144238,
Y8ANA,1,5335078,28281136,20150817,201508,HURDA,58,105,24.81,0,1,N,0,,20150821,153252,HURDA
